timestamp_iso8601,epoch_seconds,Corrente_Bateria_Principal_adc,Corrente_Bateria_Principal_value,Corrente_Celula_Hidrogenio_adc,Corrente_Celula_Hidrogenio_value,Tensao_Bateria_Principal_adc,Tensao_Bateria_Principal_value,Tensao_Celula_Hidrogenio_adc,Tensao_Celula_Hidrogenio_value,Corrente_Sistema_Auxiliar_adc,Corrente_Sistema_Auxiliar_value,Corrente_Carregamento_H2_adc,Corrente_Carregamento_H2_value,Pressao_Cilindro_Hidrogenio_adc,Pressao_Cilindro_Hidrogenio_value,Tensao_Barramento_Auxiliar_adc,Tensao_Barramento_Auxiliar_value,Nivel_Cilindro_Hidrogenio_adc,Nivel_Cilindro_Hidrogenio_value,NC_adc,NC_value,NC_adc,NC_value,NC_adc,NC_value,NC_adc,NC_value,NC_adc,NC_value,NC_adc,NC_value,NC_adc,NC_value,latitude,longitude,altitude,speed
2026-05-30T15:04:43-0300,1780164283,967,-25.0782,989,-25.4160,3,0.0009,3,0.0014,982,-25.3037,979,-24.4019,1,-0.1106,5150,11.9046,,0.0000,0,0.0000,0,0.0000,0,0.0000,0,0.0000,0,0.0000,0,0.0000,0,0.0000,0.000000,0.000000,0.00,0.00
2026-05-30T15:04:43-0300,1780164283,967,-25.0782,989,-25.4160,3,0.0009,3,0.0014,982,-25.3037,979,-24.4019,1,-0.1106,5151,11.9064,,0.0000,0,0.0000,0,0.0000,0,0.0000,0,0.0000,0,0.0000,0,0.0000,0,0.0000,0.000000,0.000000,0.00,0.00
2026-05-30T15:04:43-0300,1780164283,967,-25.0782,989,-25.4160,3,0.0009,3,0.0014,982,-25.3037,979,-24.4019,0,-0.1661,5150,11.9050,,0.0000,0,0.0000,0,0.0000,0,0.0000,0,0.0000,0,0.0000,0,0.0000,0,0.0000,0.000000,0.000000,0.00,0.00
2026-05-30T15:04:43-0300,1780164283,17379,1.9652,990,-25.4143,989,1.8243,3,0.0014,17379,1.7078,979,-24.4019,1,-0.1217,1,2.3784,,0.0000,0,0.0000,0,0.0000,0,0.0000,0,0.0000,0,0.0000,0,0.0000,0,0.0000,0.000000,0.000000,0.00,0.00
2026-05-30T15:04:43-0300,1780164283,17379,7.3739,990,-25.4140,989,2.1890,2,-0.0004,17379,7.1101,979,-24.4019,979,54.1447,1,0.4731,,36.0965,0,0.0000,0,0.0000,0,0.0000,0,0.0000,0,0.0000,0,0.0000,0,0.0000,0.000000,0.000000,0.00,0.00
2026-05-30T15:04:44-0300,1780164284,967,-18.5878,967,-25.4522,3,0.4385,3,0.0010,982,-18.8209,982,-24.3970,978,64.9425,5150,9.6183,,43.2950,0,0.0000,0,0.0000,0,0.0000,0,0.0000,0,0.0000,0,0.0000,0,0.0000,0.000000,0.000000,0.00,0.00
2026-05-30T15:04:44-0300,1780164284,967,-23.7801,967,-25.4598,2,0.0866,2,-0.0005,17379,3.0044,980,-24.3993,978,67.1021,1,1.9211,,44.7347,0,0.0000,0,0.0000,0,0.0000,0,0.0000,0,0.0000,0,0.0000,0,0.0000,0.000000,0.000000,0.00,0.00
2026-05-30T15:04:44-0300,1780164284,967,-24.8186,990,-25.4231,3,0.0181,2,-0.0008,17379,7.3694,978,-24.4030,978,67.5340,1,0.3816,,45.0227,0,0.0000,0,0.0000,0,0.0000,0,0.0000,0,0.0000,0,0.0000,0,0.0000,0.000000,0.000000,0.00,0.00
2026-05-30T15:04:44-0300,1780164284,967,-25.0263,989,-25.4174,4,0.0062,17379,32.1486,981,-18.7707,979,-24.4021,1,13.4183,981,1.8869,,8.9455,0,0.0000,0,0.0000,0,0.0000,0,0.0000,0,0.0000,0,0.0000,0,0.0000,0.000000,0.000000,0.00,0.00
2026-05-30T15:04:44-0300,1780164284,967,-25.0678,989,-25.4163,967,1.7847,988,8.2532,981,-23.9987,978,-24.4035,981,56.9637,978,2.1824,,37.9758,0,0.0000,0,0.0000,0,0.0000,0,0.0000,0,0.0000,0,0.0000,0,0.0000,0.000000,0.000000,0.00,0.00
2026-05-30T15:04:44-0300,1780164284,967,-25.0761,17379,1.8335,3,0.3577,989,3.4760,981,-25.0443,982,-24.3973,978,65.5063,1,0.4339,,43.6709,0,0.0000,0,0.0000,0,0.0000,0,0.0000,0,0.0000,0,0.0000,0,0.0000,0.000000,0.000000,0.00,0.00
2026-05-30T15:04:44-0300,1780164284,967,-25.0778,989,-19.9661,989,1.8957,3,0.6963,981,-25.2534,981,-24.3977,977,67.1594,5149,9.6086,,44.7729,0,0.0000,0,0.0000,0,0.0000,0,0.0000,0,0.0000,0,0.0000,0,0.0000,0.000000,0.000000,0.00,0.00
2026-05-30T15:04:44-0300,1780164284,17379,1.9653,967,-24.3626,988,2.2014,3,0.1404,980,-25.2969,978,-24.4027,977,67.4900,5150,11.4454,,44.9933,0,0.0000,0,0.0000,0,0.0000,0,0.0000,0,0.0000,0,0.0000,0,0.0000,0.000000,0.000000,0.00,0.00
2026-05-30T15:04:44-0300,1780164284,967,-19.6695,967,-25.2419,988,2.2626,2,0.0274,981,-25.3040,980,-24.4004,977,67.5561,1,2.2865,,45.0374,0,0.0000,0,0.0000,0,0.0000,0,0.0000,0,0.0000,0,0.0000,0,0.0000,0.000000,0.000000,0.00,0.00
2026-05-30T15:04:44-0300,1780164284,17379,3.0469,988,-25.3828,988,2.2748,3,0.0066,980,-25.3070,977,-24.4048,977,67.5693,5150,9.9810,,45.0462,0,0.0000,0,0.0000,0,0.0000,0,0.0000,0,0.0000,0,0.0000,0,0.0000,0.000000,0.000000,0.00,0.00
2026-05-30T15:04:44-0300,1780164284,17379,7.5902,988,-25.4110,989,2.2791,3,0.0024,981,-25.3060,980,-24.4008,977,67.5720,5150,11.5199,,45.0480,0,0.0000,0,0.0000,0,0.0000,0,0.0000,0,0.0000,0,0.0000,0,0.0000,0.000000,0.000000,0.00,0.00
2026-05-30T15:04:44-0300,1780164284,967,-18.5445,988,-25.4166,988,2.2781,3,0.0016,980,-25.3074,980,-24.4000,978,67.6280,1,2.3014,,45.0853,0,0.0000,0,0.0000,0,0.0000,0,0.0000,0,0.0000,0,0.0000,0,0.0000,0.000000,0.000000,0.00,0.00
2026-05-30T15:04:45-0300,1780164285,17379,3.2719,987,-25.4194,987,2.2760,2,-0.0004,980,-25.3077,980,-24.3999,0,13.3816,1,0.4577,,8.9211,0,0.0000,0,0.0000,0,0.0000,0,0.0000,0,0.0000,0,0.0000,0,0.0000,0.000000,0.000000,0.00,0.00
2026-05-30T15:04:45-0300,1780164285,967,-19.4082,967,-25.4532,2,0.4541,3,0.0010,980,-25.3078,978,-24.4031,978,56.7899,1,0.0890,,37.8599,0,0.0000,0,0.0000,0,0.0000,0,0.0000,0,0.0000,0,0.0000,0,0.0000,0.000000,0.000000,0.00,0.00
2026-05-30T15:04:45-0300,1780164285,968,-23.9425,968,-25.4583,2,0.0897,3,0.0013,17379,1.7070,978,-24.4037,977,65.4161,1,0.0152,,43.6107,0,0.0000,0,0.0000,0,0.0000,0,0.0000,0,0.0000,0,0.0000,0,0.0000,0.000000,0.000000,0.00,0.00
2026-05-30T15:04:45-0300,1780164285,968,-24.8494,967,-25.4610,988,1.8402,3,0.0014,980,-19.9048,977,-24.4055,977,67.1413,1,0.0005,,44.7609,0,0.0000,0,0.0000,0,0.0000,0,0.0000,0,0.0000,0,0.0000,0,0.0000,0.000000,0.000000,0.00,0.00
2026-05-30T15:04:45-0300,1780164285,17379,2.0109,988,-25.4267,987,2.1885,2,-0.0004,981,-24.2255,980,-24.4010,977,67.4864,5150,9.5238,,44.9909,0,0.0000,0,0.0000,0,0.0000,0,0.0000,0,0.0000,0,0.0000,0,0.0000,0.000000,0.000000,0.00,0.00
2026-05-30T15:04:45-0300,1780164285,17379,7.3830,988,-25.4198,987,2.2581,2,-0.0008,980,-25.0913,977,-24.4049,977,67.5554,5151,11.4303,,45.0369,0,0.0000,0,0.0000,0,0.0000,0,0.0000,0,0.0000,0,0.0000,0,0.0000,0.000000,0.000000,0.00,0.00
2026-05-30T15:04:45-0300,1780164285,967,-18.5859,967,-25.4533,988,2.2739,2,-0.0009,17379,1.7503,977,-24.4057,1,13.4226,1,2.2835,,8.9484,0,0.0000,0,0.0000,0,0.0000,0,0.0000,0,0.0000,0,0.0000,0,0.0000,0.000000,0.000000,0.00,0.00
2026-05-30T15:04:45-0300,1780164285,17379,3.2636,988,-25.4251,2,0.4537,2,-0.0009,980,-19.8962,976,-24.4075,977,56.7426,1,0.4541,,37.8284,0,0.0000,0,0.0000,0,0.0000,0,0.0000,0,0.0000,0,0.0000,0,0.0000,0.000000,0.000000,0.00,0.00
2026-05-30T15:04:45-0300,1780164285,967,-19.4098,967,-25.4544,988,1.9130,3,0.0009,980,-24.2255,977,-24.4062,976,65.3512,5150,9.6145,,43.5674,0,0.0000,0,0.0000,0,0.0000,0,0.0000,0,0.0000,0,0.0000,0,0.0000,0.000000,0.000000,0.00,0.00
2026-05-30T15:04:45-0300,1780164285,968,-23.9429,966,-25.4619,3,0.3834,3,0.0013,980,-25.0913,980,-24.4011,976,67.0729,2,1.9222,,44.7152,0,0.0000,0,0.0000,0,0.0000,0,0.0000,0,0.0000,0,0.0000,0,0.0000,0.000000,0.000000,0.00,0.00
2026-05-30T15:04:45-0300,1780164285,968,-24.8495,988,-25.4268,987,1.8971,3,0.0014,980,-25.2645,980,-24.4001,1,13.3261,5150,9.9081,,8.8841,0,0.0000,0,0.0000,0,0.0000,0,0.0000,0,0.0000,0,0.0000,0,0.0000,0.000000,0.000000,0.00,0.00
2026-05-30T15:04:45-0300,1780164285,968,-25.0308,988,-25.4198,987,2.1998,3,0.0014,17379,1.7157,976,-24.4064,976,56.6679,1,1.9790,,37.7786,0,0.0000,0,0.0000,0,0.0000,0,0.0000,0,0.0000,0,0.0000,0,0.0000,0.000000,0.000000,0.00,0.00
2026-05-30T15:04:46-0300,1780164286,967,-25.0687,967,-25.4533,3,0.4407,2,-0.0004,980,-19.9031,979,-24.4028,1,11.2451,2,0.3951,,7.4967,0,0.0000,0,0.0000,0,0.0000,0,0.0000,0,0.0000,0,0.0000,0,0.0000,0.000000,0.000000,0.00,0.00
2026-05-30T15:04:46-0300,1780164286,967,-25.0763,988,-25.4251,4,0.0907,3,0.0010,979,-24.2285,977,-24.4053,1,2.1605,5150,9.6027,,1.4404,0,0.0000,0,0.0000,0,0.0000,0,0.0000,0,0.0000,0,0.0000,0,0.0000,0.000000,0.000000,0.00,0.00
2026-05-30T15:04:46-0300,1780164286,968,-25.0762,988,-25.4195,3,0.0189,3,0.0013,980,-25.0919,976,-24.4074,1,0.3436,5150,11.4442,,0.2291,0,0.0000,0,0.0000,0,0.0000,0,0.0000,0,0.0000,0,0.0000,0,0.0000,0.000000,0.000000,0.00,0.00
2026-05-30T15:04:46-0300,1780164286,968,-25.0761,988,-25.4183,3,0.0045,3,0.0014,980,-25.2646,977,-24.4062,0,-0.0752,5150,11.8125,,0.0000,0,0.0000,0,0.0000,0,0.0000,0,0.0000,0,0.0000,0,0.0000,0,0.0000,0.000000,0.000000,0.00,0.00
2026-05-30T15:04:46-0300,1780164286,967,-25.0778,988,-25.4181,3,0.0017,3,0.0014,979,-25.3008,977,-24.4060,0,-0.1590,5150,11.8862,,0.0000,0,0.0000,0,0.0000,0,0.0000,0,0.0000,0,0.0000,0,0.0000,0,0.0000,0.000000,0.000000,0.00,0.00
2026-05-30T15:04:46-0300,1780164286,968,-25.0765,989,-25.4164,3,0.0011,3,0.0014,979,-25.3080,977,-24.4059,0,-0.1758,5150,11.9009,,0.0000,0,0.0000,0,0.0000,0,0.0000,0,0.0000,0,0.0000,0,0.0000,0,0.0000,0.000000,0.000000,0.00,0.00
2026-05-30T15:04:46-0300,1780164286,17379,1.9655,989,-25.4161,3,0.0010,2,-0.0004,980,-25.3078,977,-24.4059,1,-0.1236,1,2.3776,,0.0000,0,0.0000,0,0.0000,0,0.0000,0,0.0000,0,0.0000,0,0.0000,0,0.0000,0.000000,0.000000,0.00,0.00
2026-05-30T15:04:46-0300,1780164286,17379,7.3739,989,-25.4160,988,1.8225,3,0.0010,17379,1.7070,977,-24.4059,978,54.0889,2,0.4748,,36.0592,0,0.0000,0,0.0000,0,0.0000,0,0.0000,0,0.0000,0,0.0000,0,0.0000,0.000000,0.000000,0.00,0.00
2026-05-30T15:04:46-0300,1780164286,967,-18.5878,988,-25.4176,3,0.3652,3,0.0013,980,-19.9048,977,-24.4059,1,10.7293,5150,9.6186,,7.1529,0,0.0000,0,0.0000,0,0.0000,0,0.0000,0,0.0000,0,0.0000,0,0.0000,0.000000,0.000000,0.00,0.00
2026-05-30T15:04:46-0300,1780164286,968,-23.7785,988,-25.4180,3,0.0738,3,0.0014,980,-24.2272,977,-24.4059,0,2.0019,5151,11.4493,,1.3346,0,0.0000,0,0.0000,0,0.0000,0,0.0000,0,0.0000,0,0.0000,0,0.0000,0.000000,0.000000,0.00,0.00
2026-05-30T15:04:46-0300,1780164286,967,-24.8182,988,-25.4180,3,0.0155,3,0.0014,980,-25.0917,977,-24.4059,1,0.3119,5150,11.8135,,0.2079,0,0.0000,0,0.0000,0,0.0000,0,0.0000,0,0.0000,0,0.0000,0,0.0000,0.000000,0.000000,0.00,0.00
2026-05-30T15:04:46-0300,1780164286,968,-25.0246,988,-25.4181,2,0.0020,3,0.0014,980,-25.2646,977,-24.4059,1,-0.0261,5150,11.8864,,0.0000,0,0.0000,0,0.0000,0,0.0000,0,0.0000,0,0.0000,0,0.0000,0,0.0000,0.000000,0.000000,0.00,0.00
2026-05-30T15:04:46-0300,1780164286,967,-25.0675,988,-25.4181,3,0.0011,3,0.0014,980,-25.2991,977,-24.4059,1,-0.0937,5150,11.9010,,0.0000,0,0.0000,0,0.0000,0,0.0000,0,0.0000,0,0.0000,0,0.0000,0,0.0000,0.000000,0.000000,0.00,0.00
2026-05-30T15:04:47-0300,1780164287,968,-25.0744,988,-25.4181,3,0.0010,3,0.0014,980,-25.3061,977,-24.4059,0,-0.1627,5150,11.9039,,0.0000,0,0.0000,0,0.0000,0,0.0000,0,0.0000,0,0.0000,0,0.0000,0,0.0000,0.000000,0.000000,0.00,0.00
2026-05-30T15:04:47-0300,1780164287,968,-25.0758,988,-25.4181,3,0.0009,3,0.0014,980,-25.3074,977,-24.4059,1,-0.1210,5150,11.9044,,0.0000,0,0.0000,0,0.0000,0,0.0000,0,0.0000,0,0.0000,0,0.0000,0,0.0000,0.000000,0.000000,0.00,0.00
2026-05-30T15:04:47-0300,1780164287,967,-25.0777,988,-25.4181,3,0.0009,3,0.0014,980,-25.3077,977,-24.4059,1,-0.1127,5151,11.9064,,0.0000,0,0.0000,0,0.0000,0,0.0000,0,0.0000,0,0.0000,0,0.0000,0,0.0000,0.000000,0.000000,0.00,0.00
2026-05-30T15:04:47-0300,1780164287,967,-25.0781,988,-25.4181,3,0.0009,3,0.0014,980,-25.3078,978,-24.4043,1,-0.1110,5150,11.9050,,0.0000,0,0.0000,0,0.0000,0,0.0000,0,0.0000,0,0.0000,0,0.0000,0,0.0000,0.000000,0.000000,0.00,0.00
2026-05-30T15:04:47-0300,1780164287,967,-25.0782,989,-25.4164,988,1.8225,3,0.0014,981,-25.3061,979,-24.4023,1,-0.1107,1,2.3784,,0.0000,0,0.0000,0,0.0000,0,0.0000,0,0.0000,0,0.0000,0,0.0000,0,0.0000,0.000000,0.000000,0.00,0.00
2026-05-30T15:04:47-0300,1780164287,17379,1.9652,988,-25.4177,988,2.1868,3,0.0014,17379,1.7073,978,-24.4036,1,-0.1106,1,0.4731,,0.0000,0,0.0000,0,0.0000,0,0.0000,0,0.0000,0,0.0000,0,0.0000,0,0.0000,0.000000,0.000000,0.00,0.00
2026-05-30T15:04:47-0300,1780164287,966,-19.6712,988,-25.4180,3,0.4381,2,-0.0004,980,-19.9048,978,-24.4038,1,-0.1106,5151,9.6201,,0.0000,0,0.0000,0,0.0000,0,0.0000,0,0.0000,0,0.0000,0,0.0000,0,0.0000,0.000000,0.000000,0.00,0.00
2026-05-30T15:04:47-0300,1780164287,967,-23.9968,989,-25.4164,3,0.0884,3,0.0010,980,-24.2272,977,-24.4055,1,-0.1106,5150,11.4477,,0.0000,0,0.0000,0,0.0000,0,0.0000,0,0.0000,0,0.0000,0,0.0000,0,0.0000,0.000000,0.000000,0.00,0.00
2026-05-30T15:04:47-0300,1780164287,967,-24.8619,988,-25.4177,3,0.0184,3,0.0013,980,-25.0917,1,-25.9857,5150,285.5460,5150,11.8132,,100.0000,0,0.0000,0,0.0000,0,0.0000,0,0.0000,0,0.0000,0,0.0000,0,0.0000,0.000000,0.000000,0.00,0.00
2026-05-30T15:04:47-0300,1780164287,967,-25.0349,3,-27.0556,3,0.0044,3,0.0014,980,-25.2646,977,-24.7219,5151,342.7328,5150,11.8863,,100.0000,0,0.0000,0,0.0000,0,0.0000,0,0.0000,0,0.0000,0,0.0000,0,0.0000,0.000000,0.000000,0.00,0.00
2026-05-30T15:04:47-0300,1780164287,967,-25.0695,987,-25.7472,3,0.0016,3,0.0014,25571,15.2107,978,-24.4675,1,68.4581,5150,11.9009,,45.6387,0,0.0000,0,0.0000,0,0.0000,0,0.0000,0,0.0000,0,0.0000,0,0.0000,0.000000,0.000000,0.00,0.00
2026-05-30T15:04:47-0300,1780164287,968,-25.0748,988,-25.4839,3,0.0011,3,0.0014,979,-17.2057,29667,22.0219,1,13.6031,5151,11.9057,,9.0688,0,0.0000,0,0.0000,0,0.0000,0,0.0000,0,0.0000,0,0.0000,0,0.0000,0.000000,0.000000,0.00,0.00
2026-05-30T15:04:47-0300,1780164287,967,-25.0775,988,-25.4312,3,0.0010,3,0.0014,980,-23.6874,978,-15.1187,1,2.6321,5151,11.9067,,1.7548,0,0.0000,0,0.0000,0,0.0000,0,0.0000,0,0.0000,0,0.0000,0,0.0000,0.000000,0.000000,0.00,0.00
2026-05-30T15:04:47-0300,1780164287,967,-25.0781,988,-25.4207,3,0.0009,3,0.0014,980,-24.9837,978,-22.5469,0,0.3825,5150,11.9050,,0.2550,0,0.0000,0,0.0000,0,0.0000,0,0.0000,0,0.0000,0,0.0000,0,0.0000,0.000000,0.000000,0.00,0.00
2026-05-30T15:04:48-0300,1780164288,968,-25.0765,989,-25.4169,3,0.0009,3,0.0014,979,-25.2446,978,-24.0325,0,-0.0675,5150,11.9047,,0.0000,0,0.0000,0,0.0000,0,0.0000,0,0.0000,0,0.0000,0,0.0000,0,0.0000,0.000000,0.000000,0.00,0.00
2026-05-30T15:04:48-0300,1780164288,967,-25.0779,988,-25.4178,3,0.0009,3,0.0014,980,-25.2952,978,-24.3296,0,-0.1575,5151,11.9065,,0.0000,0,0.0000,0,0.0000,0,0.0000,0,0.0000,0,0.0000,0,0.0000,0,0.0000,0.000000,0.000000,0.00,0.00
2026-05-30T15:04:48-0300,1780164288,967,-25.0781,988,-25.4180,4,0.0028,3,0.0014,979,-25.3069,978,-24.3890,1,-0.1200,5150,11.9050,,0.0000,0,0.0000,0,0.0000,0,0.0000,0,0.0000,0,0.0000,0,0.0000,0,0.0000,0.000000,0.000000,0.00,0.00
2026-05-30T15:04:48-0300,1780164288,968,-25.0765,988,-25.4181,3,0.0013,3,0.0014,980,-25.3076,978,-24.4009,0,-0.1680,5151,11.9065,,0.0000,0,0.0000,0,0.0000,0,0.0000,0,0.0000,0,0.0000,0,0.0000,0,0.0000,0.000000,0.000000,0.00,0.00
2026-05-30T15:04:48-0300,1780164288,968,-25.0762,988,-25.4181,3,0.0010,2,-0.0004,979,-25.3094,979,-24.4017,1,-0.1221,5151,11.9068,,0.0000,0,0.0000,0,0.0000,0,0.0000,0,0.0000,0,0.0000,0,0.0000,0,0.0000,0.000000,0.000000,0.00,0.00
2026-05-30T15:04:48-0300,1780164288,21475,8.7149,988,-25.4181,3,0.0010,3,0.0010,980,-25.3081,978,-24.4034,1,-0.1129,5151,11.9069,,0.0000,0,0.0000,0,0.0000,0,0.0000,0,0.0000,0,0.0000,0,0.0000,0,0.0000,0.000000,0.000000,0.00,0.00
2026-05-30T15:04:48-0300,1780164288,967,-18.3196,988,-25.4181,3,0.0009,3,0.0013,980,-25.3079,979,-24.4022,5151,285.6010,5150,11.9051,,100.0000,0,0.0000,0,0.0000,0,0.0000,0,0.0000,0,0.0000,0,0.0000,0,0.0000,0.000000,0.000000,0.00,0.00
2026-05-30T15:04:48-0300,1780164288,967,-23.7265,988,-25.4181,3,0.0009,3,0.0014,978,-25.3111,978,-24.4035,5151,342.7438,5150,11.9047,,100.0000,0,0.0000,0,0.0000,0,0.0000,0,0.0000,0,0.0000,0,0.0000,0,0.0000,0.000000,0.000000,0.00,0.00
2026-05-30T15:04:48-0300,1780164288,967,-24.8078,988,-25.4181,3,0.0009,4,0.0033,980,-25.3084,0,-25.9869,5150,354.1169,5150,11.9046,,100.0000,0,0.0000,0,0.0000,0,0.0000,0,0.0000,0,0.0000,0,0.0000,0,0.0000,0.000000,0.000000,0.00,0.00
2026-05-30T15:04:48-0300,1780164288,967,-25.0241,987,-25.4197,3,0.0009,3,0.0018,978,-25.3112,977,-24.7221,2,70.7904,5150,11.9046,,47.1936,0,0.0000,0,0.0000,0,0.0000,0,0.0000,0,0.0000,0,0.0000,0,0.0000,0.000000,0.000000,0.00,0.00
2026-05-30T15:04:48-0300,1780164288,966,-25.0690,3,-27.0560,3,0.0009,3,0.0015,979,-25.3101,1,-26.0490,1,14.0696,5150,11.9046,,9.3797,0,0.0000,0,0.0000,0,0.0000,0,0.0000,0,0.0000,0,0.0000,0,0.0000,0.000000,0.000000,0.00,0.00
2026-05-30T15:04:48-0300,1780164288,988,-25.0418,3,-27.3833,3,0.0009,4,0.0033,978,-25.3115,1,-26.3144,1,2.7254,5150,11.9046,,1.8170,0,0.0000,0,0.0000,0,0.0000,0,0.0000,0,0.0000,0,0.0000,0,0.0000,0.000000,0.000000,0.00,0.00
2026-05-30T15:04:48-0300,1780164288,988,-25.0363,988,-25.8111,3,0.0009,3,0.0018,980,-25.3085,1,-26.3674,5150,286.1132,5150,11.9046,,100.0000,0,0.0000,0,0.0000,0,0.0000,0,0.0000,0,0.0000,0,0.0000,0,0.0000,0.000000,0.000000,0.00,0.00
2026-05-30T15:04:48-0300,1780164288,967,-25.0698,3,-27.1343,3,0.0009,3,0.0015,978,-25.3112,1,-26.3781,1,57.1342,5150,11.9046,,38.0894,0,0.0000,0,0.0000,0,0.0000,0,0.0000,0,0.0000,0,0.0000,0,0.0000,0.000000,0.000000,0.00,0.00
2026-05-30T15:04:49-0300,1780164289,967,-25.0765,988,-25.7613,3,0.0009,967,1.7849,979,-25.3101,978,-24.7987,0,11.2829,5150,11.9046,,7.5219,0,0.0000,0,0.0000,0,0.0000,0,0.0000,0,0.0000,0,0.0000,0,0.0000,0.000000,0.000000,0.00,0.00
2026-05-30T15:04:49-0300,1780164289,967,-25.0779,988,-25.4867,3,0.0009,967,2.1416,980,-25.3083,978,-24.4829,1,2.1681,979,4.1878,,1.4454,0,0.0000,0,0.0000,0,0.0000,0,0.0000,0,0.0000,0,0.0000,0,0.0000,0.000000,0.000000,0.00,0.00
2026-05-30T15:04:49-0300,1780164289,967,-25.0781,988,-25.4318,17379,32.1338,2,0.4276,980,-25.3079,978,-24.4197,1,0.3451,980,2.6462,,0.2301,0,0.0000,0,0.0000,0,0.0000,0,0.0000,0,0.0000,0,0.0000,0,0.0000,0.000000,0.000000,0.00,0.00
2026-05-30T15:04:49-0300,1780164289,967,-25.0782,988,-25.4208,3,6.4275,967,1.8702,980,-25.3078,977,-24.4087,0,-0.0749,980,2.3379,,0.0000,0,0.0000,0,0.0000,0,0.0000,0,0.0000,0,0.0000,0,0.0000,0,0.0000,0.000000,0.000000,0.00,0.00
2026-05-30T15:04:49-0300,1780164289,967,-25.0782,987,-25.4203,3,1.2863,3,0.3752,980,-25.3078,977,-24.4065,1,-0.1035,981,2.2781,,0.0000,0,0.0000,0,0.0000,0,0.0000,0,0.0000,0,0.0000,0,0.0000,0,0.0000,0.000000,0.000000,0.00,0.00
2026-05-30T15:04:49-0300,1780164289,967,-25.0782,987,-25.4202,17379,32.3909,2,0.0743,980,-25.3078,977,-24.4060,0,-0.1647,980,2.2643,,0.0000,0,0.0000,0,0.0000,0,0.0000,0,0.0000,0,0.0000,0,0.0000,0,0.0000,0.000000,0.000000,0.00,0.00
2026-05-30T15:04:49-0300,1780164289,967,-25.0782,986,-25.4218,3,6.4789,967,1.7995,980,-25.3078,977,-24.4059,1,-0.1214,5150,9.9765,,0.0000,0,0.0000,0,0.0000,0,0.0000,0,0.0000,0,0.0000,0,0.0000,0,0.0000,0.000000,0.000000,0.00,0.00
2026-05-30T15:04:49-0300,1780164289,967,-25.0782,986,-25.4221,3,1.2965,967,2.1445,980,-25.3078,977,-24.4059,0,-0.1683,5150,11.5190,,0.0000,0,0.0000,0,0.0000,0,0.0000,0,0.0000,0,0.0000,0,0.0000,0,0.0000,0.000000,0.000000,0.00,0.00
2026-05-30T15:04:49-0300,1780164289,967,-25.0782,986,-25.4222,3,0.2601,966,2.2117,980,-25.3078,976,-24.4075,1,-0.1221,5150,11.8275,,0.0000,0,0.0000,0,0.0000,0,0.0000,0,0.0000,0,0.0000,0,0.0000,0,0.0000,0.000000,0.000000,0.00,0.00
2026-05-30T15:04:49-0300,1780164289,966,-25.0798,987,-25.4205,3,0.0528,966,2.2251,980,-25.3078,977,-24.4062,17379,963.9851,5151,11.8910,,100.0000,0,0.0000,0,0.0000,0,0.0000,0,0.0000,0,0.0000,0,0.0000,0,0.0000,0.000000,0.000000,0.00,0.00
2026-05-30T15:04:49-0300,1780164289,966,-25.0802,986,-25.4219,17379,32.1442,3,0.4461,980,-25.3078,977,-24.4060,1,192.7085,980,4.1869,,100.0000,0,0.0000,0,0.0000,0,0.0000,0,0.0000,0,0.0000,0,0.0000,0,0.0000,0.000000,0.000000,0.00,0.00
2026-05-30T15:04:49-0300,1780164289,967,-25.0786,985,-25.4238,3,6.4296,966,1.8720,980,-25.3078,976,-24.4075,0,38.3977,979,2.6442,,25.5985,0,0.0000,0,0.0000,0,0.0000,0,0.0000,0,0.0000,0,0.0000,0,0.0000,0.000000,0.000000,0.00,0.00
2026-05-30T15:04:49-0300,1780164289,966,-25.0799,985,-25.4242,966,3.0675,3,0.3755,979,-25.3094,976,-24.4079,979,61.8486,976,2.3301,,41.2324,0,0.0000,0,0.0000,0,0.0000,0,0.0000,0,0.0000,0,0.0000,0,0.0000,0.000000,0.000000,0.00,0.00
2026-05-30T15:04:49-0300,1780164289,966,-25.0802,17379,1.8319,3,0.6143,985,1.8930,979,-25.3098,976,-24.4079,979,66.5388,5149,9.9879,,44.3592,0,0.0000,0,0.0000,0,0.0000,0,0.0000,0,0.0000,0,0.0000,0,0.0000,0.000000,0.000000,0.00,0.00
2026-05-30T15:04:50-0300,1780164290,966,-25.0802,966,-20.0047,3,0.1236,3,0.3797,979,-25.3098,977,-24.4063,976,67.3104,5150,11.5212,,44.8736,0,0.0000,0,0.0000,0,0.0000,0,0.0000,0,0.0000,0,0.0000,0,0.0000,0.000000,0.000000,0.00,0.00
2026-05-30T15:04:50-0300,1780164290,17379,1.9648,984,-24.3420,3,0.0255,3,0.0771,979,-25.3098,979,-24.4028,0,13.3181,5151,11.8298,,8.8787,0,0.0000,0,0.0000,0,0.0000,0,0.0000,0,0.0000,0,0.0000,0,0.0000,0.000000,0.000000,0.00,0.00
2026-05-30T15:04:50-0300,1780164290,967,-19.6696,967,-25.2378,985,1.8218,3,0.0165,979,-25.3098,978,-24.4037,976,56.6663,0,2.3615,,37.7775,0,0.0000,0,0.0000,0,0.0000,0,0.0000,0,0.0000,0,0.0000,0,0.0000,0.000000,0.000000,0.00,0.00
2026-05-30T15:04:50-0300,1780164290,967,-23.9965,966,-25.4186,985,2.1811,3,0.0044,979,-25.3098,978,-24.4038,1,11.2448,1,0.4697,,7.4965,0,0.0000,0,0.0000,0,0.0000,0,0.0000,0,0.0000,0,0.0000,0,0.0000,0.000000,0.000000,0.00,0.00
2026-05-30T15:04:50-0300,1780164290,966,-24.8635,967,-25.4531,984,2.2511,3,0.0020,978,-25.3115,978,-24.4039,1,2.1605,5151,9.6195,,1.4403,0,0.0000,0,0.0000,0,0.0000,0,0.0000,0,0.0000,0,0.0000,0,0.0000,0.000000,0.000000,0.00,0.00
2026-05-30T15:04:50-0300,1780164290,966,-25.0369,985,-25.4301,984,2.2651,3,0.0015,978,-25.3118,977,-24.4055,1,0.3436,2,1.9232,,0.2291,0,0.0000,0,0.0000,0,0.0000,0,0.0000,0,0.0000,0,0.0000,0,0.0000,0.000000,0.000000,0.00,0.00
2026-05-30T15:04:50-0300,1780164290,17379,1.9734,984,-25.4271,984,2.2679,3,0.0014,979,-25.3102,978,-24.4042,1,-0.0198,5150,9.9083,,0.0000,0,0.0000,0,0.0000,0,0.0000,0,0.0000,0,0.0000,0,0.0000,0,0.0000,0.000000,0.000000,0.00,0.00
2026-05-30T15:04:50-0300,1780164290,967,-19.6679,966,-25.4564,3,0.4543,2,-0.0004,979,-25.3099,978,-24.4040,1,-0.0924,5150,11.5053,,0.0000,0,0.0000,0,0.0000,0,0.0000,0,0.0000,0,0.0000,0,0.0000,0,0.0000,0.000000,0.000000,0.00,0.00
2026-05-30T15:04:50-0300,1780164290,966,-23.9978,966,-25.4623,3,0.0916,3,0.0010,979,-25.3099,977,-24.4055,977,54.0396,5150,11.8247,,36.0264,0,0.0000,0,0.0000,0,0.0000,0,0.0000,0,0.0000,0,0.0000,0,0.0000,0.000000,0.000000,0.00,0.00
2026-05-30T15:04:50-0300,1780164290,966,-24.8638,985,-25.4319,985,1.8351,3,0.0013,17379,1.7066,977,-24.4058,1,10.7194,1,2.3624,,7.1463,0,0.0000,0,0.0000,0,0.0000,0,0.0000,0,0.0000,0,0.0000,0,0.0000,0.000000,0.000000,0.00,0.00
2026-05-30T15:04:50-0300,1780164290,17379,2.0081,984,-25.4275,984,2.1819,3,0.0014,978,-19.9082,978,-24.4043,1,2.0554,5150,9.9961,,1.3703,0,0.0000,0,0.0000,0,0.0000,0,0.0000,0,0.0000,0,0.0000,0,0.0000,0.000000,0.000000,0.00,0.00
2026-05-30T15:04:50-0300,1780164290,967,-19.6609,984,-25.4266,3,0.4371,3,0.0014,978,-24.2312,977,-24.4056,1,0.3226,5150,11.5229,,0.2151,0,0.0000,0,0.0000,0,0.0000,0,0.0000,0,0.0000,0,0.0000,0,0.0000,0.000000,0.000000,0.00,0.00
2026-05-30T15:04:50-0300,1780164290,966,-23.9964,984,-25.4264,3,0.0882,3,0.0014,978,-25.0958,977,-24.4058,0,-0.0794,5151,11.8301,,0.0000,0,0.0000,0,0.0000,0,0.0000,0,0.0000,0,0.0000,0,0.0000,0,0.0000,0.000000,0.000000,0.00,0.00
2026-05-30T15:04:50-0300,1780164290,21475,8.9309,985,-25.4247,4,0.0202,3,0.0014,979,-25.2670,978,-24.4043,1,-0.1044,5150,11.8897,,0.0000,0,0.0000,0,0.0000,0,0.0000,0,0.0000,0,0.0000,0,0.0000,0,0.0000,0.000000,0.000000,0.00,0.00
2026-05-30T15:04:50-0300,1780164290,966,-18.2780,985,-25.4244,3,0.0048,2,-0.0004,978,-25.3029,977,-24.4056,0,-0.1648,5150,11.9016,,0.0000,0,0.0000,0,0.0000,0,0.0000,0,0.0000,0,0.0000,0,0.0000,0,0.0000,0.000000,0.000000,0.00,0.00
2026-05-30T15:04:51-0300,1780164291,966,-23.7198,984,-25.4260,3,0.0017,3,0.0010,978,-25.3101,976,-24.4075,1,-0.1215,5150,11.9040,,0.0000,0,0.0000,0,0.0000,0,0.0000,0,0.0000,0,0.0000,0,0.0000,0,0.0000,0.000000,0.000000,0.00,0.00
2026-05-30T15:04:51-0300,1780164291,966,-24.8082,985,-25.4246,3,0.0011,3,0.0013,978,-25.3115,976,-24.4078,0,-0.1683,5151,11.9063,,0.0000,0,0.0000,0,0.0000,0,0.0000,0,0.0000,0,0.0000,0,0.0000,0,0.0000,0.000000,0.000000,0.00,0.00
2026-05-30T15:04:51-0300,1780164291,966,-25.0258,985,-25.4244,3,0.0010,3,0.0014,978,-25.3118,977,-24.4063,0,-0.1776,5150,11.9049,,0.0000,0,0.0000,0,0.0000,0,0.0000,0,0.0000,0,0.0000,0,0.0000,0,0.0000,0.000000,0.000000,0.00,0.00
2026-05-30T15:04:51-0300,1780164291,966,-25.0694,984,-25.4260,3,0.0009,4,0.0033,978,-25.3119,977,-24.4060,0,-0.1795,5150,11.9047,,0.0000,0,0.0000,0,0.0000,0,0.0000,0,0.0000,0,0.0000,0,0.0000,0,0.0000,0.000000,0.000000,0.00,0.00
2026-05-30T15:04:51-0300,1780164291,966,-25.0781,985,-25.4246,3,0.0009,3,0.0018,978,-25.3119,977,-24.4059,1,-0.1244,5150,11.9046,,0.0000,0,0.0000,0,0.0000,0,0.0000,0,0.0000,0,0.0000,0,0.0000,0,0.0000,0.000000,0.000000,0.00,0.00
2026-05-30T15:04:51-0300,1780164291,966,-25.0798,985,-25.4244,3,0.0009,3,0.0015,979,-25.3103,977,-24.4059,1,-0.1134,5150,11.9046,,0.0000,0,0.0000,0,0.0000,0,0.0000,0,0.0000,0,0.0000,0,0.0000,0,0.0000,0.000000,0.000000,0.00,0.00
2026-05-30T15:04:51-0300,1780164291,966,-25.0802,985,-25.4243,3,0.0009,3,0.0014,979,-25.3099,978,-24.4043,1,-0.1112,5150,11.9046,,0.0000,0,0.0000,0,0.0000,0,0.0000,0,0.0000,0,0.0000,0,0.0000,0,0.0000,0.000000,0.000000,0.00,0.00
2026-05-30T15:04:51-0300,1780164291,966,-25.0802,985,-25.4243,4,0.0028,3,0.0014,979,-25.3099,977,-24.4056,0,-0.1662,5151,11.9064,,0.0000,0,0.0000,0,0.0000,0,0.0000,0,0.0000,0,0.0000,0,0.0000,0,0.0000,0.000000,0.000000,0.00,0.00
2026-05-30T15:04:51-0300,1780164291,966,-25.0802,985,-25.4243,3,0.0013,3,0.0014,979,-25.3099,978,-24.4042,1,-0.1217,5150,11.9050,,0.0000,0,0.0000,0,0.0000,0,0.0000,0,0.0000,0,0.0000,0,0.0000,0,0.0000,0.000000,0.000000,0.00,0.00
2026-05-30T15:04:51-0300,1780164291,966,-25.0802,984,-25.4260,3,0.0010,3,0.0014,979,-25.3098,977,-24.4056,0,-0.1683,5150,11.9047,,0.0000,0,0.0000,0,0.0000,0,0.0000,0,0.0000,0,0.0000,0,0.0000,0,0.0000,0.000000,0.000000,0.00,0.00
2026-05-30T15:04:51-0300,1780164291,966,-25.0803,986,-25.4230,3,0.0010,3,0.0014,979,-25.3098,977,-24.4058,1,-0.1222,5151,11.9065,,0.0000,0,0.0000,0,0.0000,0,0.0000,0,0.0000,0,0.0000,0,0.0000,0,0.0000,0.000000,0.000000,0.00,0.00
2026-05-30T15:04:51-0300,1780164291,967,-25.0786,985,-25.4240,3,0.0009,3,0.0014,979,-25.3098,978,-24.4043,0,-0.1684,5150,11.9050,,0.0000,0,0.0000,0,0.0000,0,0.0000,0,0.0000,0,0.0000,0,0.0000,0,0.0000,0.000000,0.000000,0.00,0.00
2026-05-30T15:04:51-0300,1780164291,966,-25.0799,985,-25.4242,3,0.0009,3,0.0014,979,-25.3098,978,-24.4040,1,-0.1222,5151,11.9065,,0.0000,0,0.0000,0,0.0000,0,0.0000,0,0.0000,0,0.0000,0,0.0000,0,0.0000,0.000000,0.000000,0.00,0.00
2026-05-30T15:04:51-0300,1780164291,967,-25.0785,985,-25.4243,3,0.0009,4,0.0033,980,-25.3082,978,-24.4039,1,-0.1129,5151,11.9068,,0.0000,0,0.0000,0,0.0000,0,0.0000,0,0.0000,0,0.0000,0,0.0000,0,0.0000,0.000000,0.000000,0.00,0.00
2026-05-30T15:04:52-0300,1780164292,967,-25.0783,985,-25.4243,3,0.0009,3,0.0018,980,-25.3079,977,-24.4055,1,-0.1111,5151,11.9069,,0.0000,0,0.0000,0,0.0000,0,0.0000,0,0.0000,0,0.0000,0,0.0000,0,0.0000,0.000000,0.000000,0.00,0.00
2026-05-30T15:04:52-0300,1780164292,966,-25.0799,985,-25.4243,3,0.0009,3,0.0015,980,-25.3078,977,-24.4058,1,-0.1107,5150,11.9051,,0.0000,0,0.0000,0,0.0000,0,0.0000,0,0.0000,0,0.0000,0,0.0000,0,0.0000,0.000000,0.000000,0.00,0.00
2026-05-30T15:04:52-0300,1780164292,966,-25.0802,985,-25.4243,3,0.0009,3,0.0014,979,-25.3094,978,-24.4043,1,-0.1106,5151,11.9065,,0.0000,0,0.0000,0,0.0000,0,0.0000,0,0.0000,0,0.0000,0,0.0000,0,0.0000,0.000000,0.000000,0.00,0.00
2026-05-30T15:04:52-0300,1780164292,967,-25.0786,985,-25.4243,4,0.0028,3,0.0014,979,-25.3098,977,-24.4056,0,-0.1661,5150,11.9050,,0.0000,0,0.0000,0,0.0000,0,0.0000,0,0.0000,0,0.0000,0,0.0000,0,0.0000,0.000000,0.000000,0.00,0.00
2026-05-30T15:04:52-0300,1780164292,967,-25.0783,985,-25.4243,3,0.0013,4,0.0033,980,-25.3082,978,-24.4042,1,-0.1217,5150,11.9047,,0.0000,0,0.0000,0,0.0000,0,0.0000,0,0.0000,0,0.0000,0,0.0000,0,0.0000,0.000000,0.000000,0.00,0.00
2026-05-30T15:04:52-0300,1780164292,967,-25.0782,985,-25.4243,3,0.0010,3,0.0018,979,-25.3095,978,-24.4040,1,-0.1128,5150,11.9046,,0.0000,0,0.0000,0,0.0000,0,0.0000,0,0.0000,0,0.0000,0,0.0000,0,0.0000,0.000000,0.000000,0.00,0.00
2026-05-30T15:04:52-0300,1780164292,966,-25.0798,985,-25.4243,3,0.0010,3,0.0015,979,-25.3098,978,-24.4039,0,-0.1665,5150,11.9046,,0.0000,0,0.0000,0,0.0000,0,0.0000,0,0.0000,0,0.0000,0,0.0000,0,0.0000,0.000000,0.000000,0.00,0.00
2026-05-30T15:04:52-0300,1780164292,967,-25.0785,986,-25.4226,3,0.0009,3,0.0014,979,-25.3098,977,-24.4055,1,-0.1218,5151,11.9064,,0.0000,0,0.0000,0,0.0000,0,0.0000,0,0.0000,0,0.0000,0,0.0000,0,0.0000,0.000000,0.000000,0.00,0.00
2026-05-30T15:04:52-0300,1780164292,966,-25.0799,985,-25.4240,3,0.0009,3,0.0014,980,-25.3082,977,-24.4058,1,-0.1128,5150,11.9050,,0.0000,0,0.0000,0,0.0000,0,0.0000,0,0.0000,0,0.0000,0,0.0000,0,0.0000,0.000000,0.000000,0.00,0.00
2026-05-30T15:04:52-0300,1780164292,967,-25.0785,985,-25.4242,3,0.0009,3,0.0014,980,-25.3079,978,-24.4043,1,-0.1111,5150,11.9047,,0.0000,0,0.0000,0,0.0000,0,0.0000,0,0.0000,0,0.0000,0,0.0000,0,0.0000,0.000000,0.000000,0.00,0.00
2026-05-30T15:04:52-0300,1780164292,967,-25.0783,986,-25.4226,3,0.0009,3,0.0014,980,-25.3078,978,-24.4040,1,-0.1107,5150,11.9046,,0.0000,0,0.0000,0,0.0000,0,0.0000,0,0.0000,0,0.0000,0,0.0000,0,0.0000,0.000000,0.000000,0.00,0.00
2026-05-30T15:04:52-0300,1780164292,965,-25.0815,985,-25.4240,3,0.0009,3,0.0014,979,-25.3094,978,-24.4039,1,-0.1106,5151,11.9064,,0.0000,0,0.0000,0,0.0000,0,0.0000,0,0.0000,0,0.0000,0,0.0000,0,0.0000,0.000000,0.000000,0.00,0.00
2026-05-30T15:04:52-0300,1780164292,966,-25.0805,986,-25.4226,3,0.0009,3,0.0014,980,-25.3081,978,-24.4039,1,-0.1106,5150,11.9050,,0.0000,0,0.0000,0,0.0000,0,0.0000,0,0.0000,0,0.0000,0,0.0000,0,0.0000,0.000000,0.000000,0.00,0.00
2026-05-30T15:04:52-0300,1780164292,966,-25.0803,986,-25.4223,3,0.0009,3,0.0014,980,-25.3079,978,-24.4039,1,-0.1106,5151,11.9065,,0.0000,0,0.0000,0,0.0000,0,0.0000,0,0.0000,0,0.0000,0,0.0000,0,0.0000,0.000000,0.000000,0.00,0.00
2026-05-30T15:04:52-0300,1780164292,966,-25.0803,985,-25.4239,4,0.0028,3,0.0014,980,-25.3078,978,-24.4039,0,-0.1661,5150,11.9050,,0.0000,0,0.0000,0,0.0000,0,0.0000,0,0.0000,0,0.0000,0,0.0000,0,0.0000,0.000000,0.000000,0.00,0.00
2026-05-30T15:04:53-0300,1780164293,966,-25.0803,986,-25.4226,3,0.0013,3,0.0014,979,-25.3094,978,-24.4039,1,-0.1217,5150,11.9047,,0.0000,0,0.0000,0,0.0000,0,0.0000,0,0.0000,0,0.0000,0,0.0000,0,0.0000,0.000000,0.000000,0.00,0.00
2026-05-30T15:04:53-0300,1780164293,966,-25.0803,986,-25.4223,3,0.0010,3,0.0014,980,-25.3081,977,-24.4055,0,-0.1683,5150,11.9046,,0.0000,0,0.0000,0,0.0000,0,0.0000,0,0.0000,0,0.0000,0,0.0000,0,0.0000,0.000000,0.000000,0.00,0.00
2026-05-30T15:04:53-0300,1780164293,966,-25.0803,986,-25.4222,3,0.0010,4,0.0033,981,-25.3062,978,-24.4042,1,-0.1221,5151,11.9064,,0.0000,0,0.0000,0,0.0000,0,0.0000,0,0.0000,0,0.0000,0,0.0000,0,0.0000,0.000000,0.000000,0.00,0.00
2026-05-30T15:04:53-0300,1780164293,966,-25.0803,985,-25.4239,3,0.0009,3,0.0018,978,-25.3108,1,-25.9854,5150,285.5437,5151,11.9068,,100.0000,0,0.0000,0,0.0000,0,0.0000,0,0.0000,0,0.0000,0,0.0000,0,0.0000,0.000000,0.000000,0.00,0.00
2026-05-30T15:04:53-0300,1780164293,966,-25.0803,3,-27.0569,3,0.0009,3,0.0015,978,-25.3117,1,-26.3017,5150,342.6769,5150,11.9050,,100.0000,0,0.0000,0,0.0000,0,0.0000,0,0.0000,0,0.0000,0,0.0000,0,0.0000,0.000000,0.000000,0.00,0.00
2026-05-30T15:04:53-0300,1780164293,966,-25.0803,986,-25.7491,3,0.0009,3,0.0014,980,-25.3086,1,-26.3649,5150,354.1035,5150,11.9047,,100.0000,0,0.0000,0,0.0000,0,0.0000,0,0.0000,0,0.0000,0,0.0000,0,0.0000,0.000000,0.000000,0.00,0.00
2026-05-30T15:04:53-0300,1780164293,966,-25.0803,985,-25.4893,2,-0.0009,3,0.0014,978,-25.3112,1,-26.3775,1,70.7322,5150,11.9046,,47.1548,0,0.0000,0,0.0000,0,0.0000,0,0.0000,0,0.0000,0,0.0000,0,0.0000,0.000000,0.000000,0.00,0.00
2026-05-30T15:04:53-0300,1780164293,986,-25.0473,985,-25.4373,3,0.0006,3,0.0014,978,-25.3118,978,-24.7986,5150,299.7146,5150,11.9046,,100.0000,0,0.0000,0,0.0000,0,0.0000,0,0.0000,0,0.0000,0,0.0000,0,0.0000,0.000000,0.000000,0.00,0.00
2026-05-30T15:04:53-0300,1780164293,966,-25.0737,3,-27.0595,2,-0.0010,3,0.0014,980,-25.3086,1,-26.0643,1,59.8544,5150,11.9046,,39.9029,0,0.0000,0,0.0000,0,0.0000,0,0.0000,0,0.0000,0,0.0000,0,0.0000,0.000000,0.000000,0.00,0.00
2026-05-30T15:04:53-0300,1780164293,986,-25.0460,2,-27.3856,2,-0.0013,3,0.0014,980,-25.3079,1,-26.3174,0,11.8269,5150,11.9046,,7.8846,0,0.0000,0,0.0000,0,0.0000,0,0.0000,0,0.0000,0,0.0000,0,0.0000,0.000000,0.000000,0.00,0.00
2026-05-30T15:04:53-0300,1780164293,986,-25.0404,986,-25.8149,3,0.0005,4,0.0033,978,-25.3111,978,-24.7866,0,2.2214,5150,11.9046,,1.4809,0,0.0000,0,0.0000,0,0.0000,0,0.0000,0,0.0000,0,0.0000,0,0.0000,0.000000,0.000000,0.00,0.00
2026-05-30T15:04:53-0300,1780164293,966,-25.0723,3,-27.1351,3,0.0008,3,0.0018,979,-25.3101,1,-26.0619,1,0.3558,5151,11.9064,,0.2372,0,0.0000,0,0.0000,0,0.0000,0,0.0000,0,0.0000,0,0.0000,0,0.0000,0.000000,0.000000,0.00,0.00
2026-05-30T15:04:53-0300,1780164293,966,-25.0787,985,-25.7664,3,0.0009,3,0.0015,980,-25.3083,978,-24.7355,1,-0.0173,5150,11.9050,,0.0000,0,0.0000,0,0.0000,0,0.0000,0,0.0000,0,0.0000,0,0.0000,0,0.0000,0.000000,0.000000,0.00,0.00
2026-05-30T15:04:53-0300,1780164293,986,-25.0470,986,-25.4911,3,0.0009,3,0.0014,978,-25.3112,978,-24.4702,1,-0.0920,5150,11.9047,,0.0000,0,0.0000,0,0.0000,0,0.0000,0,0.0000,0,0.0000,0,0.0000,0,0.0000,0.000000,0.000000,0.00,0.00
2026-05-30T15:04:54-0300,1780164294,984,-25.0439,3,-27.0703,3,0.0009,3,0.0014,978,-25.3118,977,-24.4188,1,-0.1069,5150,11.9046,,0.0000,0,0.0000,0,0.0000,0,0.0000,0,0.0000,0,0.0000,0,0.0000,0,0.0000,0.000000,0.000000,0.00,0.00
2026-05-30T15:04:54-0300,1780164294,967,-25.0713,3,-27.3861,3,0.0009,3,0.0014,980,-25.3086,2,-25.9867,5151,285.6022,5151,11.9064,,100.0000,0,0.0000,0,0.0000,0,0.0000,0,0.0000,0,0.0000,0,0.0000,0,0.0000,0.000000,0.000000,0.00,0.00
2026-05-30T15:04:54-0300,1780164294,966,-25.0785,986,-25.8150,3,0.0009,3,0.0014,978,-25.3112,0,-26.3035,5150,342.6886,5150,11.9050,,100.0000,0,0.0000,0,0.0000,0,0.0000,0,0.0000,0,0.0000,0,0.0000,0,0.0000,0.000000,0.000000,0.00,0.00
2026-05-30T15:04:54-0300,1780164294,966,-25.0799,986,-25.5008,3,0.0009,3,0.0014,980,-25.3085,978,-24.7838,0,68.3937,5151,11.9065,,45.5958,0,0.0000,0,0.0000,0,0.0000,0,0.0000,0,0.0000,0,0.0000,0,0.0000,0.000000,0.000000,0.00,0.00
2026-05-30T15:04:54-0300,1780164294,966,-25.0802,985,-25.4396,4,0.0028,3,0.0014,980,-25.3079,977,-24.4815,1,13.5903,5150,11.9050,,9.0602,0,0.0000,0,0.0000,0,0.0000,0,0.0000,0,0.0000,0,0.0000,0,0.0000,0.000000,0.000000,0.00,0.00
2026-05-30T15:04:54-0300,1780164294,966,-25.0802,986,-25.4257,3,0.0013,3,0.0014,979,-25.3095,978,-24.4194,0,2.5741,5150,11.9047,,1.7161,0,0.0000,0,0.0000,0,0.0000,0,0.0000,0,0.0000,0,0.0000,0,0.0000,0.000000,0.000000,0.00,0.00
2026-05-30T15:04:54-0300,1780164294,966,-25.0802,986,-25.4229,3,0.0010,3,0.0014,979,-25.3098,978,-24.4070,0,0.3709,5150,11.9046,,0.2472,0,0.0000,0,0.0000,0,0.0000,0,0.0000,0,0.0000,0,0.0000,0,0.0000,0.000000,0.000000,0.00,0.00
2026-05-30T15:04:54-0300,1780164294,966,-25.0803,986,-25.4224,3,0.0010,3,0.0014,979,-25.3098,977,-24.4061,0,-0.0698,5150,11.9046,,0.0000,0,0.0000,0,0.0000,0,0.0000,0,0.0000,0,0.0000,0,0.0000,0,0.0000,0.000000,0.000000,0.00,0.00
2026-05-30T15:04:54-0300,1780164294,966,-25.0803,986,-25.4222,3,0.0009,3,0.0014,979,-25.3098,978,-24.4043,1,-0.1024,5150,11.9046,,0.0000,0,0.0000,0,0.0000,0,0.0000,0,0.0000,0,0.0000,0,0.0000,0,0.0000,0.000000,0.000000,0.00,0.00
2026-05-30T15:04:54-0300,1780164294,967,-25.0786,986,-25.4222,3,0.0009,3,0.0014,980,-25.3082,978,-24.4040,1,-0.1090,5150,11.9046,,0.0000,0,0.0000,0,0.0000,0,0.0000,0,0.0000,0,0.0000,0,0.0000,0,0.0000,0.000000,0.000000,0.00,0.00
2026-05-30T15:04:54-0300,1780164294,966,-25.0799,987,-25.4206,3,0.0009,3,0.0014,980,-25.3079,978,-24.4039,1,-0.1103,5150,11.9046,,0.0000,0,0.0000,0,0.0000,0,0.0000,0,0.0000,0,0.0000,0,0.0000,0,0.0000,0.000000,0.000000,0.00,0.00
2026-05-30T15:04:54-0300,1780164294,966,-25.0802,987,-25.4202,3,0.0009,2,-0.0004,980,-25.3078,978,-24.4039,0,-0.1660,5150,11.9046,,0.0000,0,0.0000,0,0.0000,0,0.0000,0,0.0000,0,0.0000,0,0.0000,0,0.0000,0.000000,0.000000,0.00,0.00
2026-05-30T15:04:54-0300,1780164294,966,-25.0802,986,-25.4218,3,0.0009,3,0.0010,979,-25.3094,978,-24.4039,1,-0.1217,5150,11.9046,,0.0000,0,0.0000,0,0.0000,0,0.0000,0,0.0000,0,0.0000,0,0.0000,0,0.0000,0.000000,0.000000,0.00,0.00
2026-05-30T15:04:55-0300,1780164295,967,-25.0786,987,-25.4205,3,0.0009,3,0.0013,980,-25.3081,978,-24.4039,1,-0.1128,5150,11.9046,,0.0000,0,0.0000,0,0.0000,0,0.0000,0,0.0000,0,0.0000,0,0.0000,0,0.0000,0.000000,0.000000,0.00,0.00
2026-05-30T15:04:55-0300,1780164295,967,-25.0783,986,-25.4219,3,0.0009,3,0.0014,980,-25.3079,978,-24.4039,1,-0.1111,5150,11.9046,,0.0000,0,0.0000,0,0.0000,0,0.0000,0,0.0000,0,0.0000,0,0.0000,0,0.0000,0.000000,0.000000,0.00,0.00
2026-05-30T15:04:55-0300,1780164295,967,-25.0782,986,-25.4221,3,0.0009,3,0.0014,980,-25.3078,977,-24.4055,1,-0.1107,5150,11.9046,,0.0000,0,0.0000,0,0.0000,0,0.0000,0,0.0000,0,0.0000,0,0.0000,0,0.0000,0.000000,0.000000,0.00,0.00
2026-05-30T15:04:55-0300,1780164295,966,-25.0798,987,-25.4205,3,0.0009,3,0.0014,980,-25.3078,978,-24.4042,1,-0.1106,5150,11.9046,,0.0000,0,0.0000,0,0.0000,0,0.0000,0,0.0000,0,0.0000,0,0.0000,0,0.0000,0.000000,0.000000,0.00,0.00
2026-05-30T15:04:55-0300,1780164295,966,-25.0802,987,-25.4202,3,0.0009,3,0.0014,980,-25.3078,978,-24.4040,1,-0.1106,5150,11.9046,,0.0000,0,0.0000,0,0.0000,0,0.0000,0,0.0000,0,0.0000,0,0.0000,0,0.0000,0.000000,0.000000,0.00,0.00
2026-05-30T15:04:55-0300,1780164295,966,-25.0802,987,-25.4202,3,0.0009,4,0.0033,980,-25.3078,978,-24.4039,1,-0.1106,5150,11.9046,,0.0000,0,0.0000,0,0.0000,0,0.0000,0,0.0000,0,0.0000,0,0.0000,0,0.0000,0.000000,0.000000,0.00,0.00
2026-05-30T15:04:55-0300,1780164295,966,-25.0802,987,-25.4201,3,0.0009,3,0.0018,979,-25.3094,978,-24.4039,0,-0.1661,5151,11.9064,,0.0000,0,0.0000,0,0.0000,0,0.0000,0,0.0000,0,0.0000,0,0.0000,0,0.0000,0.000000,0.000000,0.00,0.00
2026-05-30T15:04:55-0300,1780164295,966,-25.0802,987,-25.4201,3,0.0009,3,0.0015,980,-25.3081,978,-24.4039,1,-0.1217,5151,11.9068,,0.0000,0,0.0000,0,0.0000,0,0.0000,0,0.0000,0,0.0000,0,0.0000,0,0.0000,0.000000,0.000000,0.00,0.00
2026-05-30T15:04:55-0300,1780164295,967,-25.0786,987,-25.4201,3,0.0009,3,0.0014,980,-25.3079,978,-24.4039,1,-0.1128,5151,11.9069,,0.0000,0,0.0000,0,0.0000,0,0.0000,0,0.0000,0,0.0000,0,0.0000,0,0.0000,0.000000,0.000000,0.00,0.00
2026-05-30T15:04:55-0300,1780164295,966,-25.0799,987,-25.4201,3,0.0009,3,0.0014,980,-25.3078,978,-24.4039,1,-0.1111,5150,11.9051,,0.0000,0,0.0000,0,0.0000,0,0.0000,0,0.0000,0,0.0000,0,0.0000,0,0.0000,0.000000,0.000000,0.00,0.00
2026-05-30T15:04:55-0300,1780164295,966,-25.0802,986,-25.4218,3,0.0009,3,0.0014,980,-25.3078,978,-24.4039,0,-0.1662,5150,11.9047,,0.0000,0,0.0000,0,0.0000,0,0.0000,0,0.0000,0,0.0000,0,0.0000,0,0.0000,0.000000,0.000000,0.00,0.00
2026-05-30T15:04:55-0300,1780164295,966,-25.0802,987,-25.4205,3,0.0009,3,0.0014,980,-25.3078,977,-24.4055,0,-0.1772,5150,11.9046,,0.0000,0,0.0000,0,0.0000,0,0.0000,0,0.0000,0,0.0000,0,0.0000,0,0.0000,0.000000,0.000000,0.00,0.00
2026-05-30T15:04:55-0300,1780164295,966,-25.0802,987,-25.4202,3,0.0009,3,0.0014,980,-25.3078,978,-24.4042,0,-0.1794,5150,11.9046,,0.0000,0,0.0000,0,0.0000,0,0.0000,0,0.0000,0,0.0000,0,0.0000,0,0.0000,0.000000,0.000000,0.00,0.00
2026-05-30T15:04:55-0300,1780164295,966,-25.0803,986,-25.4218,3,0.0009,3,0.0014,980,-25.3078,978,-24.4040,0,-0.1798,5150,11.9046,,0.0000,0,0.0000,0,0.0000,0,0.0000,0,0.0000,0,0.0000,0,0.0000,0,0.0000,0.000000,0.000000,0.00,0.00
2026-05-30T15:04:55-0300,1780164295,967,-25.0786,987,-25.4205,3,0.0009,3,0.0014,980,-25.3078,978,-24.4039,1,-0.1245,5150,11.9046,,0.0000,0,0.0000,0,0.0000,0,0.0000,0,0.0000,0,0.0000,0,0.0000,0,0.0000,0.000000,0.000000,0.00,0.00
2026-05-30T15:04:56-0300,1780164296,966,-25.0799,987,-25.4202,3,0.0009,3,0.0014,980,-25.3078,978,-24.4039,1,-0.1134,5150,11.9046,,0.0000,0,0.0000,0,0.0000,0,0.0000,0,0.0000,0,0.0000,0,0.0000,0,0.0000,0.000000,0.000000,0.00,0.00
2026-05-30T15:04:56-0300,1780164296,967,-25.0785,987,-25.4202,3,0.0009,3,0.0014,980,-25.3078,978,-24.4039,1,-0.1112,5151,11.9064,,0.0000,0,0.0000,0,0.0000,0,0.0000,0,0.0000,0,0.0000,0,0.0000,0,0.0000,0.000000,0.000000,0.00,0.00
2026-05-30T15:04:56-0300,1780164296,967,-25.0783,986,-25.4218,3,0.0009,3,0.0014,980,-25.3078,978,-24.4039,1,-0.1107,5151,11.9068,,0.0000,0,0.0000,0,0.0000,0,0.0000,0,0.0000,0,0.0000,0,0.0000,0,0.0000,0.000000,0.000000,0.00,0.00
2026-05-30T15:04:56-0300,1780164296,967,-25.0782,987,-25.4205,3,0.0009,3,0.0014,980,-25.3078,978,-24.4039,0,-0.1661,5150,11.9050,,0.0000,0,0.0000,0,0.0000,0,0.0000,0,0.0000,0,0.0000,0,0.0000,0,0.0000,0.000000,0.000000,0.00,0.00
2026-05-30T15:04:56-0300,1780164296,966,-25.0798,987,-25.4202,3,0.0009,2,-0.0004,980,-25.3078,978,-24.4039,1,-0.1217,5149,11.9028,,0.0000,0,0.0000,0,0.0000,0,0.0000,0,0.0000,0,0.0000,0,0.0000,0,0.0000,0.000000,0.000000,0.00,0.00
2026-05-30T15:04:56-0300,1780164296,966,-25.0802,987,-25.4202,3,0.0009,3,0.0010,980,-25.3078,978,-24.4039,1,-0.1128,5151,11.9061,,0.0000,0,0.0000,0,0.0000,0,0.0000,0,0.0000,0,0.0000,0,0.0000,0,0.0000,0.000000,0.000000,0.00,0.00
2026-05-30T15:04:56-0300,1780164296,966,-25.0802,987,-25.4201,3,0.0009,3,0.0013,980,-25.3078,978,-24.4039,1,-0.1111,5150,11.9049,,0.0000,0,0.0000,0,0.0000,0,0.0000,0,0.0000,0,0.0000,0,0.0000,0,0.0000,0.000000,0.000000,0.00,0.00
2026-05-30T15:04:56-0300,1780164296,967,-25.0786,987,-25.4201,4,0.0028,3,0.0014,981,-25.3061,977,-24.4055,0,-0.1662,5151,11.9065,,0.0000,0,0.0000,0,0.0000,0,0.0000,0,0.0000,0,0.0000,0,0.0000,0,0.0000,0.000000,0.000000,0.00,0.00
2026-05-30T15:04:56-0300,1780164296,966,-25.0799,987,-25.4201,3,0.0013,4,0.0033,981,-25.3058,978,-24.4042,1,-0.1217,5151,11.9068,,0.0000,0,0.0000,0,0.0000,0,0.0000,0,0.0000,0,0.0000,0,0.0000,0,0.0000,0.000000,0.000000,0.00,0.00
2026-05-30T15:04:56-0300,1780164296,966,-25.0802,988,-25.4185,3,0.0010,3,0.0018,981,-25.3057,978,-24.4040,1,-0.1128,5150,11.9050,,0.0000,0,0.0000,0,0.0000,0,0.0000,0,0.0000,0,0.0000,0,0.0000,0,0.0000,0.000000,0.000000,0.00,0.00
2026-05-30T15:04:56-0300,1780164296,966,-25.0802,986,-25.4215,3,0.0010,3,0.0015,981,-25.3057,978,-24.4039,1,-0.1111,5150,11.9047,,0.0000,0,0.0000,0,0.0000,0,0.0000,0,0.0000,0,0.0000,0,0.0000,0,0.0000,0.000000,0.000000,0.00,0.00
2026-05-30T15:04:56-0300,1780164296,966,-25.0802,987,-25.4204,3,0.0009,3,0.0014,981,-25.3057,978,-24.4039,1,-0.1107,5150,11.9046,,0.0000,0,0.0000,0,0.0000,0,0.0000,0,0.0000,0,0.0000,0,0.0000,0,0.0000,0.000000,0.000000,0.00,0.00
2026-05-30T15:04:56-0300,1780164296,966,-25.0803,2,-27.0578,3,0.0009,3,0.0014,981,-25.3057,5150,-17.6507,1,-0.1106,5151,11.9064,,0.0000,0,0.0000,0,0.0000,0,0.0000,0,0.0000,0,0.0000,0,0.0000,0,0.0000,0.000000,0.000000,0.00,0.00
2026-05-30T15:04:56-0300,1780164296,966,-25.0803,987,-25.7477,3,0.0009,3,0.0014,1,-26.9201,5150,-16.3001,1,-0.1106,5150,11.9050,,0.0000,0,0.0000,0,0.0000,0,0.0000,0,0.0000,0,0.0000,0,0.0000,0,0.0000,0.000000,0.000000,0.00,0.00
2026-05-30T15:04:56-0300,1780164296,966,-25.0803,3,-27.1216,3,0.0009,3,0.0014,981,-25.6286,978,-22.7831,1,-0.1106,5150,11.9047,,0.0000,0,0.0000,0,0.0000,0,0.0000,0,0.0000,0,0.0000,0,0.0000,0,0.0000,0.000000,0.000000,0.00,0.00
2026-05-30T15:04:57-0300,1780164297,966,-25.0803,987,-25.7604,3,0.0009,4,0.0033,980,-25.3720,978,-24.0797,1,-0.1106,5150,11.9046,,0.0000,0,0.0000,0,0.0000,0,0.0000,0,0.0000,0,0.0000,0,0.0000,0,0.0000,0.000000,0.000000,0.00,0.00
2026-05-30T15:04:57-0300,1780164297,966,-25.0803,986,-25.4899,3,0.0009,3,0.0018,980,-25.3206,977,-24.3407,1,-0.1106,5150,11.9046,,0.0000,0,0.0000,0,0.0000,0,0.0000,0,0.0000,0,0.0000,0,0.0000,0,0.0000,0.000000,0.000000,0.00,0.00
2026-05-30T15:04:57-0300,1780164297,966,-25.0803,987,-25.4341,3,0.0009,3,0.0015,980,-25.3104,978,-24.3912,1,-0.1106,5149,11.9027,,0.0000,0,0.0000,0,0.0000,0,0.0000,0,0.0000,0,0.0000,0,0.0000,0,0.0000,0.000000,0.000000,0.00,0.00
2026-05-30T15:04:57-0300,1780164297,967,-25.0786,987,-25.4229,3,0.0009,3,0.0014,980,-25.3083,978,-24.4014,1,-0.1106,5150,11.9042,,0.0000,0,0.0000,0,0.0000,0,0.0000,0,0.0000,0,0.0000,0,0.0000,0,0.0000,0.000000,0.000000,0.00,0.00
2026-05-30T15:04:57-0300,1780164297,967,-25.0783,987,-25.4207,3,0.0009,3,0.0014,980,-25.3079,978,-24.4034,1,-0.1106,5150,11.9045,,0.0000,0,0.0000,0,0.0000,0,0.0000,0,0.0000,0,0.0000,0,0.0000,0,0.0000,0.000000,0.000000,0.00,0.00
2026-05-30T15:04:57-0300,1780164297,966,-25.0799,987,-25.4202,3,0.0009,3,0.0014,981,-25.3062,978,-24.4038,1,-0.1106,5150,11.9046,,0.0000,0,0.0000,0,0.0000,0,0.0000,0,0.0000,0,0.0000,0,0.0000,0,0.0000,0.000000,0.000000,0.00,0.00
2026-05-30T15:04:57-0300,1780164297,967,-25.0785,987,-25.4202,3,0.0009,2,-0.0004,980,-25.3075,978,-24.4039,1,-0.1106,5150,11.9046,,0.0000,0,0.0000,0,0.0000,0,0.0000,0,0.0000,0,0.0000,0,0.0000,0,0.0000,0.000000,0.000000,0.00,0.00
2026-05-30T15:04:57-0300,1780164297,966,-25.0799,987,-25.4201,3,0.0009,4,0.0029,980,-25.3077,977,-24.4055,1,-0.1106,5151,11.9064,,0.0000,0,0.0000,0,0.0000,0,0.0000,0,0.0000,0,0.0000,0,0.0000,0,0.0000,0.000000,0.000000,0.00,0.00
2026-05-30T15:04:57-0300,1780164297,967,-25.0785,988,-25.4185,3,0.0009,3,0.0017,980,-25.3078,977,-24.4058,0,-0.1661,5151,11.9068,,0.0000,0,0.0000,0,0.0000,0,0.0000,0,0.0000,0,0.0000,0,0.0000,0,0.0000,0.000000,0.000000,0.00,0.00
2026-05-30T15:04:57-0300,1780164297,966,-25.0799,987,-25.4198,3,0.0009,4,0.0033,981,-25.3061,978,-24.4043,0,-0.1772,5150,11.9050,,0.0000,0,0.0000,0,0.0000,0,0.0000,0,0.0000,0,0.0000,0,0.0000,0,0.0000,0.000000,0.000000,0.00,0.00
2026-05-30T15:04:57-0300,1780164297,966,-25.0802,987,-25.4201,3,0.0009,3,0.0018,981,-25.3058,978,-24.4040,1,-0.1239,5150,11.9047,,0.0000,0,0.0000,0,0.0000,0,0.0000,0,0.0000,0,0.0000,0,0.0000,0,0.0000,0.000000,0.000000,0.00,0.00
2026-05-30T15:04:57-0300,1780164297,966,-25.0802,987,-25.4201,3,0.0009,3,0.0015,980,-25.3074,978,-24.4039,1,-0.1133,5150,11.9046,,0.0000,0,0.0000,0,0.0000,0,0.0000,0,0.0000,0,0.0000,0,0.0000,0,0.0000,0.000000,0.000000,0.00,0.00
2026-05-30T15:04:57-0300,1780164297,966,-25.0802,988,-25.4185,3,0.0009,3,0.0014,981,-25.3061,978,-24.4039,0,-0.1666,5151,11.9064,,0.0000,0,0.0000,0,0.0000,0,0.0000,0,0.0000,0,0.0000,0,0.0000,0,0.0000,0.000000,0.000000,0.00,0.00
2026-05-30T15:04:57-0300,1780164297,967,-25.0786,987,-25.4198,3,0.0009,3,0.0014,980,-25.3074,978,-24.4039,0,-0.1773,5150,11.9050,,0.0000,0,0.0000,0,0.0000,0,0.0000,0,0.0000,0,0.0000,0,0.0000,0,0.0000,0.000000,0.000000,0.00,0.00
2026-05-30T15:04:57-0300,1780164297,967,-25.0783,987,-25.4201,3,0.0009,3,0.0014,980,-25.3077,978,-24.4039,0,-0.1794,5150,11.9047,,0.0000,0,0.0000,0,0.0000,0,0.0000,0,0.0000,0,0.0000,0,0.0000,0,0.0000,0.000000,0.000000,0.00,0.00
2026-05-30T15:04:57-0300,1780164297,967,-25.0782,987,-25.4201,3,0.0009,3,0.0014,981,-25.3061,978,-24.4039,1,-0.1244,5150,11.9046,,0.0000,0,0.0000,0,0.0000,0,0.0000,0,0.0000,0,0.0000,0,0.0000,0,0.0000,0.000000,0.000000,0.00,0.00
2026-05-30T15:04:58-0300,1780164298,967,-25.0782,987,-25.4201,3,0.0009,3,0.0014,981,-25.3058,977,-24.4055,0,-0.1688,5150,11.9046,,0.0000,0,0.0000,0,0.0000,0,0.0000,0,0.0000,0,0.0000,0,0.0000,0,0.0000,0.000000,0.000000,0.00,0.00
2026-05-30T15:04:58-0300,1780164298,967,-25.0782,987,-25.4201,3,0.0009,3,0.0014,981,-25.3057,978,-24.4042,1,-0.1223,5150,11.9046,,0.0000,0,0.0000,0,0.0000,0,0.0000,0,0.0000,0,0.0000,0,0.0000,0,0.0000,0.000000,0.000000,0.00,0.00
2026-05-30T15:04:58-0300,1780164298,966,-25.0798,987,-25.4201,3,0.0009,3,0.0014,981,-25.3057,977,-24.4056,1,-0.1129,5150,11.9046,,0.0000,0,0.0000,0,0.0000,0,0.0000,0,0.0000,0,0.0000,0,0.0000,0,0.0000,0.000000,0.000000,0.00,0.00
2026-05-30T15:04:58-0300,1780164298,966,-25.0802,987,-25.4201,3,0.0009,3,0.0014,981,-25.3057,977,-24.4058,1,-0.1111,5151,11.9064,,0.0000,0,0.0000,0,0.0000,0,0.0000,0,0.0000,0,0.0000,0,0.0000,0,0.0000,0.000000,0.000000,0.00,0.00
2026-05-30T15:04:58-0300,1780164298,967,-25.0786,988,-25.4185,3,0.0009,3,0.0014,981,-25.3057,977,-24.4059,1,-0.1107,5151,11.9068,,0.0000,0,0.0000,0,0.0000,0,0.0000,0,0.0000,0,0.0000,0,0.0000,0,0.0000,0.000000,0.000000,0.00,0.00
2026-05-30T15:04:58-0300,1780164298,967,-25.0783,987,-25.4198,3,0.0009,3,0.0014,980,-25.3074,977,-24.4059,1,-0.1106,5150,11.9050,,0.0000,0,0.0000,0,0.0000,0,0.0000,0,0.0000,0,0.0000,0,0.0000,0,0.0000,0.000000,0.000000,0.00,0.00
2026-05-30T15:04:58-0300,1780164298,966,-25.0799,987,-25.4201,3,0.0009,3,0.0014,981,-25.3061,978,-24.4043,2,-0.0551,5150,11.9047,,0.0000,0,0.0000,0,0.0000,0,0.0000,0,0.0000,0,0.0000,0,0.0000,0,0.0000,0.000000,0.000000,0.00,0.00
2026-05-30T15:04:58-0300,1780164298,967,-25.0785,987,-25.4201,4,0.0028,4,0.0033,981,-25.3058,977,-24.4056,1,-0.0995,5150,11.9046,,0.0000,0,0.0000,0,0.0000,0,0.0000,0,0.0000,0,0.0000,0,0.0000,0,0.0000,0.000000,0.000000,0.00,0.00
2026-05-30T15:04:58-0300,1780164298,966,-25.0799,987,-25.4201,3,0.0013,4,0.0036,981,-25.3057,977,-24.4058,0,-0.1639,5151,11.9064,,0.0000,0,0.0000,0,0.0000,0,0.0000,0,0.0000,0,0.0000,0,0.0000,0,0.0000,0.000000,0.000000,0.00,0.00
2026-05-30T15:04:58-0300,1780164298,966,-25.0802,987,-25.4201,3,0.0010,3,0.0018,981,-25.3057,977,-24.4059,1,-0.1213,5150,11.9050,,0.0000,0,0.0000,0,0.0000,0,0.0000,0,0.0000,0,0.0000,0,0.0000,0,0.0000,0.000000,0.000000,0.00,0.00
2026-05-30T15:04:58-0300,1780164298,967,-25.0786,987,-25.4201,3,0.0010,3,0.0015,981,-25.3057,978,-24.4043,1,-0.1127,5151,11.9065,,0.0000,0,0.0000,0,0.0000,0,0.0000,0,0.0000,0,0.0000,0,0.0000,0,0.0000,0.000000,0.000000,0.00,0.00
2026-05-30T15:04:58-0300,1780164298,967,-25.0783,988,-25.4185,3,0.0009,3,0.0014,981,-25.3057,978,-24.4040,1,-0.1110,5150,11.9050,,0.0000,0,0.0000,0,0.0000,0,0.0000,0,0.0000,0,0.0000,0,0.0000,0,0.0000,0.000000,0.000000,0.00,0.00
2026-05-30T15:04:58-0300,1780164298,967,-25.0782,987,-25.4198,4,0.0028,3,0.0014,981,-25.3057,977,-24.4055,1,-0.1107,5150,11.9047,,0.0000,0,0.0000,0,0.0000,0,0.0000,0,0.0000,0,0.0000,0,0.0000,0,0.0000,0.000000,0.000000,0.00,0.00
2026-05-30T15:04:58-0300,1780164298,966,-25.0798,2,-27.0577,3,0.0013,3,0.0014,981,-25.3057,976,-24.4075,1,-0.1106,5150,11.9046,,0.0000,0,0.0000,0,0.0000,0,0.0000,0,0.0000,0,0.0000,0,0.0000,0,0.0000,0.000000,0.000000,0.00,0.00
2026-05-30T15:04:58-0300,1780164298,967,-25.0785,988,-25.7460,3,0.0010,3,0.0014,980,-25.3074,977,-24.4062,1,-0.1106,5150,11.9046,,0.0000,0,0.0000,0,0.0000,0,0.0000,0,0.0000,0,0.0000,0,0.0000,0,0.0000,0.000000,0.000000,0.00,0.00
2026-05-30T15:04:59-0300,1780164299,966,-25.0799,987,-25.4853,3,0.0010,3,0.0014,981,-25.3061,977,-24.4060,1,-0.1106,5151,11.9064,,0.0000,0,0.0000,0,0.0000,0,0.0000,0,0.0000,0,0.0000,0,0.0000,0,0.0000,0.000000,0.000000,0.00,0.00
2026-05-30T15:04:59-0300,1780164299,966,-25.0802,987,-25.4332,3,0.0009,3,0.0014,981,-25.3058,977,-24.4059,0,-0.1661,5151,11.9068,,0.0000,0,0.0000,0,0.0000,0,0.0000,0,0.0000,0,0.0000,0,0.0000,0,0.0000,0.000000,0.000000,0.00,0.00
2026-05-30T15:04:59-0300,1780164299,966,-25.0802,987,-25.4227,3,0.0009,3,0.0014,981,-25.3057,977,-24.4059,1,-0.1217,5151,11.9069,,0.0000,0,0.0000,0,0.0000,0,0.0000,0,0.0000,0,0.0000,0,0.0000,0,0.0000,0.000000,0.000000,0.00,0.00
2026-05-30T15:04:59-0300,1780164299,966,-25.0802,987,-25.4207,3,0.0009,3,0.0014,981,-25.3057,977,-24.4059,1,-0.1128,5150,11.9051,,0.0000,0,0.0000,0,0.0000,0,0.0000,0,0.0000,0,0.0000,0,0.0000,0,0.0000,0.000000,0.000000,0.00,0.00
2026-05-30T15:04:59-0300,1780164299,966,-25.0803,988,-25.4186,3,0.0009,3,0.0014,981,-25.3057,977,-24.4059,0,-0.1665,5151,11.9065,,0.0000,0,0.0000,0,0.0000,0,0.0000,0,0.0000,0,0.0000,0,0.0000,0,0.0000,0.000000,0.000000,0.00,0.00
2026-05-30T15:04:59-0300,1780164299,966,-25.0803,987,-25.4198,3,0.0009,3,0.0014,981,-25.3057,977,-24.4059,1,-0.1218,5150,11.9050,,0.0000,0,0.0000,0,0.0000,0,0.0000,0,0.0000,0,0.0000,0,0.0000,0,0.0000,0.000000,0.000000,0.00,0.00
2026-05-30T15:04:59-0300,1780164299,966,-25.0803,987,-25.4201,3,0.0009,3,0.0014,981,-25.3057,977,-24.4059,0,-0.1683,5150,11.9047,,0.0000,0,0.0000,0,0.0000,0,0.0000,0,0.0000,0,0.0000,0,0.0000,0,0.0000,0.000000,0.000000,0.00,0.00
2026-05-30T15:04:59-0300,1780164299,967,-25.0786,987,-25.4201,3,0.0009,4,0.0033,981,-25.3057,977,-24.4059,1,-0.1222,5150,11.9046,,0.0000,0,0.0000,0,0.0000,0,0.0000,0,0.0000,0,0.0000,0,0.0000,0,0.0000,0.000000,0.000000,0.00,0.00
2026-05-30T15:04:59-0300,1780164299,966,-25.0799,987,-25.4201,3,0.0009,3,0.0018,981,-25.3057,977,-24.4059,1,-0.1129,5151,11.9064,,0.0000,0,0.0000,0,0.0000,0,0.0000,0,0.0000,0,0.0000,0,0.0000,0,0.0000,0.000000,0.000000,0.00,0.00
2026-05-30T15:04:59-0300,1780164299,966,-25.0802,987,-25.4201,3,0.0009,3,0.0015,981,-25.3057,977,-24.4059,0,-0.1665,5151,11.9068,,0.0000,0,0.0000,0,0.0000,0,0.0000,0,0.0000,0,0.0000,0,0.0000,0,0.0000,0.000000,0.000000,0.00,0.00
2026-05-30T15:04:59-0300,1780164299,966,-25.0802,987,-25.4201,3,0.0009,3,0.0014,981,-25.3057,977,-24.4059,1,-0.1218,5151,11.9069,,0.0000,0,0.0000,0,0.0000,0,0.0000,0,0.0000,0,0.0000,0,0.0000,0,0.0000,0.000000,0.000000,0.00,0.00
2026-05-30T15:04:59-0300,1780164299,967,-25.0786,987,-25.4201,3,0.0009,3,0.0014,981,-25.3057,977,-24.4059,1,-0.1128,5150,11.9051,,0.0000,0,0.0000,0,0.0000,0,0.0000,0,0.0000,0,0.0000,0,0.0000,0,0.0000,0.000000,0.000000,0.00,0.00
2026-05-30T15:04:59-0300,1780164299,967,-25.0783,987,-25.4201,4,0.0028,4,0.0033,981,-25.3057,978,-24.4043,1,-0.1111,5151,11.9065,,0.0000,0,0.0000,0,0.0000,0,0.0000,0,0.0000,0,0.0000,0,0.0000,0,0.0000,0.000000,0.000000,0.00,0.00
2026-05-30T15:04:59-0300,1780164299,966,-25.0799,987,-25.4201,3,0.0013,3,0.0018,981,-25.3057,976,-24.4072,1,-0.1107,5149,11.9031,,0.0000,0,0.0000,0,0.0000,0,0.0000,0,0.0000,0,0.0000,0,0.0000,0,0.0000,0.000000,0.000000,0.00,0.00
2026-05-30T15:04:59-0300,1780164299,966,-25.0802,987,-25.4201,3,0.0010,3,0.0015,980,-25.3074,977,-24.4062,1,-0.1106,5150,11.9043,,0.0000,0,0.0000,0,0.0000,0,0.0000,0,0.0000,0,0.0000,0,0.0000,0,0.0000,0.000000,0.000000,0.00,0.00
2026-05-30T15:04:59-0300,1780164299,966,-25.0802,987,-25.4201,3,0.0010,3,0.0014,981,-25.3061,977,-24.4060,1,-0.1106,5151,11.9064,,0.0000,0,0.0000,0,0.0000,0,0.0000,0,0.0000,0,0.0000,0,0.0000,0,0.0000,0.000000,0.000000,0.00,0.00
2026-05-30T15:04:59-0300,1780164299,967,-25.0786,987,-25.4201,2,-0.0009,3,0.0014,981,-25.3058,977,-24.4059,0,-0.1661,5150,11.9050,,0.0000,0,0.0000,0,0.0000,0,0.0000,0,0.0000,0,0.0000,0,0.0000,0,0.0000,0.000000,0.000000,0.00,0.00
2026-05-30T15:05:00-0300,1780164300,967,-25.0783,987,-25.4201,3,0.0006,3,0.0014,981,-25.3057,977,-24.4059,0,-0.1772,5151,11.9065,,0.0000,0,0.0000,0,0.0000,0,0.0000,0,0.0000,0,0.0000,0,0.0000,0,0.0000,0.000000,0.000000,0.00,0.00
2026-05-30T15:05:00-0300,1780164300,966,-25.0799,987,-25.4201,3,0.0009,3,0.0014,981,-25.3057,977,-24.4059,1,-0.1239,5150,11.9050,,0.0000,0,0.0000,0,0.0000,0,0.0000,0,0.0000,0,0.0000,0,0.0000,0,0.0000,0.000000,0.000000,0.00,0.00
2026-05-30T15:05:00-0300,1780164300,966,-25.0802,988,-25.4185,3,0.0009,3,0.0014,980,-25.3074,977,-24.4059,1,-0.1133,5150,11.9047,,0.0000,0,0.0000,0,0.0000,0,0.0000,0,0.0000,0,0.0000,0,0.0000,0,0.0000,0.000000,0.000000,0.00,0.00
2026-05-30T15:05:00-0300,1780164300,967,-25.0786,987,-25.4198,3,0.0009,3,0.0014,981,-25.3061,977,-24.4059,0,-0.1666,5151,11.9065,,0.0000,0,0.0000,0,0.0000,0,0.0000,0,0.0000,0,0.0000,0,0.0000,0,0.0000,0.000000,0.000000,0.00,0.00
2026-05-30T15:05:00-0300,1780164300,966,-25.0799,987,-25.4201,3,0.0009,3,0.0014,981,-25.3058,977,-24.4059,1,-0.1218,5150,11.9050,,0.0000,0,0.0000,0,0.0000,0,0.0000,0,0.0000,0,0.0000,0,0.0000,0,0.0000,0.000000,0.000000,0.00,0.00
2026-05-30T15:05:00-0300,1780164300,967,-25.0785,987,-25.4201,3,0.0009,3,0.0014,981,-25.3057,977,-24.4059,1,-0.1129,5150,11.9047,,0.0000,0,0.0000,0,0.0000,0,0.0000,0,0.0000,0,0.0000,0,0.0000,0,0.0000,0.000000,0.000000,0.00,0.00
2026-05-30T15:05:00-0300,1780164300,967,-25.0783,987,-25.4201,3,0.0009,3,0.0014,981,-25.3057,977,-24.4059,0,-0.1665,5150,11.9046,,0.0000,0,0.0000,0,0.0000,0,0.0000,0,0.0000,0,0.0000,0,0.0000,0,0.0000,0.000000,0.000000,0.00,0.00
2026-05-30T15:05:00-0300,1780164300,967,-25.0782,987,-25.4201,3,0.0009,3,0.0014,981,-25.3057,977,-24.4059,1,-0.1218,5150,11.9046,,0.0000,0,0.0000,0,0.0000,0,0.0000,0,0.0000,0,0.0000,0,0.0000,0,0.0000,0.000000,0.000000,0.00,0.00
2026-05-30T15:05:00-0300,1780164300,967,-25.0782,987,-25.4201,3,0.0009,3,0.0014,981,-25.3057,977,-24.4059,1,-0.1128,5150,11.9046,,0.0000,0,0.0000,0,0.0000,0,0.0000,0,0.0000,0,0.0000,0,0.0000,0,0.0000,0.000000,0.000000,0.00,0.00
2026-05-30T15:05:00-0300,1780164300,966,-25.0798,987,-25.4201,3,0.0009,3,0.0014,982,-25.3041,977,-24.4059,0,-0.1665,5151,11.9064,,0.0000,0,0.0000,0,0.0000,0,0.0000,0,0.0000,0,0.0000,0,0.0000,0,0.0000,0.000000,0.000000,0.00,0.00
2026-05-30T15:05:00-0300,1780164300,967,-25.0785,988,-25.4185,3,0.0009,3,0.0014,981,-25.3054,977,-24.4059,0,-0.1773,5150,11.9050,,0.0000,0,0.0000,0,0.0000,0,0.0000,0,0.0000,0,0.0000,0,0.0000,0,0.0000,0.000000,0.000000,0.00,0.00
2026-05-30T15:05:00-0300,1780164300,967,-25.0783,986,-25.4215,4,0.0028,3,0.0014,981,-25.3057,977,-24.4059,1,-0.1239,5150,11.9047,,0.0000,0,0.0000,0,0.0000,0,0.0000,0,0.0000,0,0.0000,0,0.0000,0,0.0000,0.000000,0.000000,0.00,0.00
2026-05-30T15:05:00-0300,1780164300,966,-25.0799,987,-25.4204,3,0.0013,3,0.0014,981,-25.3057,977,-24.4059,1,-0.1133,5150,11.9046,,0.0000,0,0.0000,0,0.0000,0,0.0000,0,0.0000,0,0.0000,0,0.0000,0,0.0000,0.000000,0.000000,0.00,0.00
2026-05-30T15:05:00-0300,1780164300,967,-25.0785,987,-25.4202,3,0.0010,3,0.0014,981,-25.3057,977,-24.4059,0,-0.1666,5151,11.9064,,0.0000,0,0.0000,0,0.0000,0,0.0000,0,0.0000,0,0.0000,0,0.0000,0,0.0000,0.000000,0.000000,0.00,0.00
2026-05-30T15:05:00-0300,1780164300,966,-25.0799,987,-25.4201,3,0.0010,2,-0.0004,981,-25.3057,977,-24.4059,1,-0.1218,5151,11.9068,,0.0000,0,0.0000,0,0.0000,0,0.0000,0,0.0000,0,0.0000,0,0.0000,0,0.0000,0.000000,0.000000,0.00,0.00
2026-05-30T15:05:00-0300,1780164300,966,-25.0802,987,-25.4201,3,0.0009,3,0.0010,981,-25.3057,977,-24.4059,0,-0.1683,5150,11.9050,,0.0000,0,0.0000,0,0.0000,0,0.0000,0,0.0000,0,0.0000,0,0.0000,0,0.0000,0.000000,0.000000,0.00,0.00
2026-05-30T15:05:01-0300,1780164301,967,-25.0786,987,-25.4201,3,0.0009,3,0.0013,982,-25.3041,977,-24.4059,1,-0.1222,5150,11.9047,,0.0000,0,0.0000,0,0.0000,0,0.0000,0,0.0000,0,0.0000,0,0.0000,0,0.0000,0.000000,0.000000,0.00,0.00
2026-05-30T15:05:01-0300,1780164301,967,-25.0783,987,-25.4201,3,0.0009,3,0.0014,982,-25.3038,977,-24.4059,0,-0.1684,5150,11.9046,,0.0000,0,0.0000,0,0.0000,0,0.0000,0,0.0000,0,0.0000,0,0.0000,0,0.0000,0.000000,0.000000,0.00,0.00
2026-05-30T15:05:01-0300,1780164301,967,-25.0782,987,-25.4201,3,0.0009,3,0.0014,981,-25.3053,977,-24.4059,0,-0.1776,5150,11.9046,,0.0000,0,0.0000,0,0.0000,0,0.0000,0,0.0000,0,0.0000,0,0.0000,0,0.0000,0.000000,0.000000,0.00,0.00
2026-05-30T15:05:01-0300,1780164301,966,-25.0798,988,-25.4185,3,0.0009,3,0.0014,981,-25.3056,977,-24.4059,1,-0.1240,5150,11.9046,,0.0000,0,0.0000,0,0.0000,0,0.0000,0,0.0000,0,0.0000,0,0.0000,0,0.0000,0.000000,0.000000,0.00,0.00
2026-05-30T15:05:01-0300,1780164301,967,-25.0785,987,-25.4198,3,0.0009,3,0.0014,982,-25.3041,977,-24.4059,1,-0.1133,5150,11.9046,,0.0000,0,0.0000,0,0.0000,0,0.0000,0,0.0000,0,0.0000,0,0.0000,0,0.0000,0.000000,0.000000,0.00,0.00
2026-05-30T15:05:01-0300,1780164301,966,-25.0799,988,-25.4184,3,0.0009,3,0.0014,982,-25.3037,977,-24.4059,0,-0.1666,5150,11.9046,,0.0000,0,0.0000,0,0.0000,0,0.0000,0,0.0000,0,0.0000,0,0.0000,0,0.0000,0.000000,0.000000,0.00,0.00
2026-05-30T15:05:01-0300,1780164301,966,-25.0802,987,-25.4198,3,0.0009,3,0.0014,981,-25.3053,976,-24.4075,0,-0.1773,5150,11.9046,,0.0000,0,0.0000,0,0.0000,0,0.0000,0,0.0000,0,0.0000,0,0.0000,0,0.0000,0.000000,0.000000,0.00,0.00
2026-05-30T15:05:01-0300,1780164301,966,-25.0802,987,-25.4201,3,0.0009,3,0.0014,981,-25.3056,978,-24.4046,0,-0.1794,5150,11.9046,,0.0000,0,0.0000,0,0.0000,0,0.0000,0,0.0000,0,0.0000,0,0.0000,0,0.0000,0.000000,0.000000,0.00,0.00
2026-05-30T15:05:01-0300,1780164301,966,-25.0802,987,-25.4201,3,0.0009,3,0.0014,982,-25.3041,978,-24.4040,1,-0.1244,5150,11.9046,,0.0000,0,0.0000,0,0.0000,0,0.0000,0,0.0000,0,0.0000,0,0.0000,0,0.0000,0.000000,0.000000,0.00,0.00
2026-05-30T15:05:01-0300,1780164301,966,-25.0803,987,-25.4201,4,0.0028,3,0.0014,982,-25.3037,977,-24.4055,1,-0.1134,5150,11.9046,,0.0000,0,0.0000,0,0.0000,0,0.0000,0,0.0000,0,0.0000,0,0.0000,0,0.0000,0.000000,0.000000,0.00,0.00
2026-05-30T15:05:01-0300,1780164301,966,-25.0803,987,-25.4201,3,0.0013,3,0.0014,982,-25.3037,976,-24.4075,1,-0.1112,5150,11.9046,,0.0000,0,0.0000,0,0.0000,0,0.0000,0,0.0000,0,0.0000,0,0.0000,0,0.0000,0.000000,0.000000,0.00,0.00
2026-05-30T15:05:01-0300,1780164301,966,-25.0803,987,-25.4201,4,0.0029,3,0.0014,982,-25.3037,977,-24.4062,1,-0.1107,5150,11.9046,,0.0000,0,0.0000,0,0.0000,0,0.0000,0,0.0000,0,0.0000,0,0.0000,0,0.0000,0.000000,0.000000,0.00,0.00
2026-05-30T15:05:01-0300,1780164301,966,-25.0803,987,-25.4201,3,0.0013,3,0.0014,981,-25.3053,977,-24.4060,1,-0.1106,5149,11.9027,,0.0000,0,0.0000,0,0.0000,0,0.0000,0,0.0000,0,0.0000,0,0.0000,0,0.0000,0.000000,0.000000,0.00,0.00
2026-05-30T15:05:01-0300,1780164301,967,-25.0786,988,-25.4185,3,0.0010,3,0.0014,981,-25.3056,976,-24.4075,1,-0.1106,5151,11.9061,,0.0000,0,0.0000,0,0.0000,0,0.0000,0,0.0000,0,0.0000,0,0.0000,0,0.0000,0.000000,0.000000,0.00,0.00
2026-05-30T15:05:01-0300,1780164301,966,-25.0799,988,-25.4181,3,0.0010,3,0.0014,981,-25.3057,977,-24.4062,1,-0.1106,5150,11.9049,,0.0000,0,0.0000,0,0.0000,0,0.0000,0,0.0000,0,0.0000,0,0.0000,0,0.0000,0.000000,0.000000,0.00,0.00
2026-05-30T15:05:01-0300,1780164301,966,-25.0802,987,-25.4197,3,0.0009,4,0.0033,982,-25.3041,977,-24.4060,1,-0.1106,5150,11.9047,,0.0000,0,0.0000,0,0.0000,0,0.0000,0,0.0000,0,0.0000,0,0.0000,0,0.0000,0.000000,0.000000,0.00,0.00
2026-05-30T15:05:02-0300,1780164302,966,-25.0802,987,-25.4201,3,0.0009,2,-0.0001,5150,-18.4376,977,-24.4059,1,-0.1106,5151,11.9065,,0.0000,0,0.0000,0,0.0000,0,0.0000,0,0.0000,0,0.0000,0,0.0000,0,0.0000,0.000000,0.000000,0.00,0.00
2026-05-30T15:05:02-0300,1780164302,967,-25.0786,987,-25.4201,3,0.0009,3,0.0011,983,-23.9288,977,-24.4059,1,-0.1106,5151,11.9068,,0.0000,0,0.0000,0,0.0000,0,0.0000,0,0.0000,0,0.0000,0,0.0000,0,0.0000,0.000000,0.000000,0.00,0.00
2026-05-30T15:05:02-0300,1780164302,966,-25.0799,988,-25.4185,3,0.0009,3,0.0013,982,-25.0287,977,-24.4059,1,-0.1106,5150,11.9050,,0.0000,0,0.0000,0,0.0000,0,0.0000,0,0.0000,0,0.0000,0,0.0000,0,0.0000,0.000000,0.000000,0.00,0.00
2026-05-30T15:05:02-0300,1780164302,966,-25.0802,988,-25.4181,4,0.0028,3,0.0014,982,-25.2487,977,-24.4059,0,-0.1661,5150,11.9047,,0.0000,0,0.0000,0,0.0000,0,0.0000,0,0.0000,0,0.0000,0,0.0000,0,0.0000,0.000000,0.000000,0.00,0.00
2026-05-30T15:05:02-0300,1780164302,966,-25.0802,987,-25.4197,3,0.0013,3,0.0014,981,-25.2943,977,-24.4059,0,-0.1772,5150,11.9046,,0.0000,0,0.0000,0,0.0000,0,0.0000,0,0.0000,0,0.0000,0,0.0000,0,0.0000,0.000000,0.000000,0.00,0.00
2026-05-30T15:05:02-0300,1780164302,966,-25.0802,987,-25.4201,3,0.0010,3,0.0014,982,-25.3018,977,-24.4059,1,-0.1239,5151,11.9064,,0.0000,0,0.0000,0,0.0000,0,0.0000,0,0.0000,0,0.0000,0,0.0000,0,0.0000,0.000000,0.000000,0.00,0.00
2026-05-30T15:05:02-0300,1780164302,966,-25.0803,986,-25.4218,3,0.0010,3,0.0014,981,-25.3049,977,-24.4059,0,-0.1688,5150,11.9050,,0.0000,0,0.0000,0,0.0000,0,0.0000,0,0.0000,0,0.0000,0,0.0000,0,0.0000,0.000000,0.000000,0.00,0.00
2026-05-30T15:05:02-0300,1780164302,966,-25.0803,988,-25.4188,3,0.0009,3,0.0014,982,-25.3039,977,-24.4059,0,-0.1777,5150,11.9047,,0.0000,0,0.0000,0,0.0000,0,0.0000,0,0.0000,0,0.0000,0,0.0000,0,0.0000,0.000000,0.000000,0.00,0.00
2026-05-30T15:05:02-0300,1780164302,966,-25.0803,987,-25.4199,3,0.0009,3,0.0014,982,-25.3037,977,-24.4059,1,-0.1240,5150,11.9046,,0.0000,0,0.0000,0,0.0000,0,0.0000,0,0.0000,0,0.0000,0,0.0000,0,0.0000,0.000000,0.000000,0.00,0.00
2026-05-30T15:05:02-0300,1780164302,967,-25.0786,987,-25.4201,3,0.0009,3,0.0014,982,-25.3037,977,-24.4059,1,-0.1133,5150,11.9046,,0.0000,0,0.0000,0,0.0000,0,0.0000,0,0.0000,0,0.0000,0,0.0000,0,0.0000,0.000000,0.000000,0.00,0.00
2026-05-30T15:05:02-0300,1780164302,966,-25.0799,987,-25.4201,3,0.0009,3,0.0014,981,-25.3053,977,-24.4059,0,-0.1666,5150,11.9046,,0.0000,0,0.0000,0,0.0000,0,0.0000,0,0.0000,0,0.0000,0,0.0000,0,0.0000,0.000000,0.000000,0.00,0.00
2026-05-30T15:05:02-0300,1780164302,967,-25.0785,987,-25.4201,3,0.0009,4,0.0033,982,-25.3040,977,-24.4059,0,-0.1773,5150,11.9046,,0.0000,0,0.0000,0,0.0000,0,0.0000,0,0.0000,0,0.0000,0,0.0000,0,0.0000,0.000000,0.000000,0.00,0.00
2026-05-30T15:05:02-0300,1780164302,966,-25.0799,987,-25.4201,3,0.0009,3,0.0018,982,-25.3037,977,-24.4059,1,-0.1239,5150,11.9046,,0.0000,0,0.0000,0,0.0000,0,0.0000,0,0.0000,0,0.0000,0,0.0000,0,0.0000,0.000000,0.000000,0.00,0.00
2026-05-30T15:05:02-0300,1780164302,966,-25.0802,987,-25.4201,4,0.0028,3,0.0015,981,-25.3053,977,-24.4059,1,-0.1133,5150,11.9046,,0.0000,0,0.0000,0,0.0000,0,0.0000,0,0.0000,0,0.0000,0,0.0000,0,0.0000,0.000000,0.000000,0.00,0.00
2026-05-30T15:05:02-0300,1780164302,966,-25.0802,987,-25.4201,2,-0.0005,3,0.0014,982,-25.3040,977,-24.4059,0,-0.1666,5150,11.9046,,0.0000,0,0.0000,0,0.0000,0,0.0000,0,0.0000,0,0.0000,0,0.0000,0,0.0000,0.000000,0.000000,0.00,0.00
2026-05-30T15:05:02-0300,1780164302,966,-25.0802,987,-25.4201,3,0.0006,3,0.0014,982,-25.3037,976,-24.4075,1,-0.1218,5150,11.9046,,0.0000,0,0.0000,0,0.0000,0,0.0000,0,0.0000,0,0.0000,0,0.0000,0,0.0000,0.000000,0.000000,0.00,0.00
2026-05-30T15:05:03-0300,1780164303,966,-25.0803,987,-25.4201,3,0.0009,3,0.0014,982,-25.3037,976,-24.4079,1,-0.1129,5150,11.9046,,0.0000,0,0.0000,0,0.0000,0,0.0000,0,0.0000,0,0.0000,0,0.0000,0,0.0000,0.000000,0.000000,0.00,0.00
2026-05-30T15:05:03-0300,1780164303,966,-25.0803,987,-25.4201,3,0.0009,3,0.0014,982,-25.3037,977,-24.4063,0,-0.1665,5150,11.9046,,0.0000,0,0.0000,0,0.0000,0,0.0000,0,0.0000,0,0.0000,0,0.0000,0,0.0000,0.000000,0.000000,0.00,0.00
2026-05-30T15:05:03-0300,1780164303,966,-25.0803,987,-25.4201,3,0.0009,3,0.0014,982,-25.3037,976,-24.4076,0,-0.1773,5150,11.9046,,0.0000,0,0.0000,0,0.0000,0,0.0000,0,0.0000,0,0.0000,0,0.0000,0,0.0000,0.000000,0.000000,0.00,0.00
2026-05-30T15:05:03-0300,1780164303,967,-25.0786,987,-25.4201,3,0.0009,3,0.0014,981,-25.3053,977,-24.4062,0,-0.1794,5150,11.9046,,0.0000,0,0.0000,0,0.0000,0,0.0000,0,0.0000,0,0.0000,0,0.0000,0,0.0000,0.000000,0.000000,0.00,0.00
2026-05-30T15:05:03-0300,1780164303,966,-25.0799,987,-25.4201,3,0.0009,3,0.0014,982,-25.3040,977,-24.4060,1,-0.1244,5150,11.9046,,0.0000,0,0.0000,0,0.0000,0,0.0000,0,0.0000,0,0.0000,0,0.0000,0,0.0000,0.000000,0.000000,0.00,0.00
2026-05-30T15:05:03-0300,1780164303,966,-25.0802,987,-25.4201,3,0.0009,3,0.0014,982,-25.3037,977,-24.4059,1,-0.1134,5150,11.9046,,0.0000,0,0.0000,0,0.0000,0,0.0000,0,0.0000,0,0.0000,0,0.0000,0,0.0000,0.000000,0.000000,0.00,0.00
2026-05-30T15:05:03-0300,1780164303,967,-25.0786,987,-25.4201,3,0.0009,3,0.0014,982,-25.3037,977,-24.4059,0,-0.1666,5150,11.9046,,0.0000,0,0.0000,0,0.0000,0,0.0000,0,0.0000,0,0.0000,0,0.0000,0,0.0000,0.000000,0.000000,0.00,0.00
2026-05-30T15:05:03-0300,1780164303,966,-25.0799,987,-25.4201,3,0.0009,3,0.0014,981,-25.3053,977,-24.4059,1,-0.1218,5150,11.9046,,0.0000,0,0.0000,0,0.0000,0,0.0000,0,0.0000,0,0.0000,0,0.0000,0,0.0000,0.000000,0.000000,0.00,0.00
2026-05-30T15:05:03-0300,1780164303,966,-25.0802,987,-25.4201,3,0.0009,3,0.0014,982,-25.3040,977,-24.4059,1,-0.1129,5150,11.9046,,0.0000,0,0.0000,0,0.0000,0,0.0000,0,0.0000,0,0.0000,0,0.0000,0,0.0000,0.000000,0.000000,0.00,0.00
2026-05-30T15:05:03-0300,1780164303,966,-25.0802,988,-25.4185,4,0.0028,3,0.0014,982,-25.3037,977,-24.4059,1,-0.1111,5150,11.9046,,0.0000,0,0.0000,0,0.0000,0,0.0000,0,0.0000,0,0.0000,0,0.0000,0,0.0000,0.000000,0.000000,0.00,0.00
2026-05-30T15:05:03-0300,1780164303,966,-25.0802,987,-25.4198,3,0.0013,3,0.0014,982,-25.3037,976,-24.4075,1,-0.1107,5150,11.9046,,0.0000,0,0.0000,0,0.0000,0,0.0000,0,0.0000,0,0.0000,0,0.0000,0,0.0000,0.000000,0.000000,0.00,0.00
2026-05-30T15:05:03-0300,1780164303,967,-25.0786,987,-25.4201,3,0.0010,3,0.0014,982,-25.3037,977,-24.4062,1,-0.1106,5150,11.9046,,0.0000,0,0.0000,0,0.0000,0,0.0000,0,0.0000,0,0.0000,0,0.0000,0,0.0000,0.000000,0.000000,0.00,0.00
2026-05-30T15:05:03-0300,1780164303,966,-25.0799,988,-25.4185,3,0.0010,3,0.0014,982,-25.3037,977,-24.4060,0,-0.1661,5150,11.9046,,0.0000,0,0.0000,0,0.0000,0,0.0000,0,0.0000,0,0.0000,0,0.0000,0,0.0000,0.000000,0.000000,0.00,0.00
2026-05-30T15:05:03-0300,1780164303,966,-25.0802,988,-25.4181,3,0.0009,3,0.0014,982,-25.3037,977,-24.4059,1,-0.1217,5150,11.9046,,0.0000,0,0.0000,0,0.0000,0,0.0000,0,0.0000,0,0.0000,0,0.0000,0,0.0000,0.000000,0.000000,0.00,0.00
2026-05-30T15:05:03-0300,1780164303,966,-25.0802,987,-25.4197,3,0.0009,2,-0.0004,982,-25.3037,977,-24.4059,1,-0.1128,5150,11.9046,,0.0000,0,0.0000,0,0.0000,0,0.0000,0,0.0000,0,0.0000,0,0.0000,0,0.0000,0.000000,0.000000,0.00,0.00
2026-05-30T15:05:03-0300,1780164303,966,-25.0802,987,-25.4201,966,1.7818,987,1.8216,982,-25.3037,17379,2.1438,1,-0.1111,5150,11.9046,,0.0000,0,0.0000,0,0.0000,0,0.0000,0,0.0000,0,0.0000,0,0.0000,0,0.0000,0.000000,0.000000,0.00,0.00
2026-05-30T15:05:03-0300,1780164303,966,-25.0803,987,-25.4201,3,0.3571,3,0.3654,982,-25.3037,977,-19.0960,1,-0.1107,5150,11.9046,,0.0000,0,0.0000,0,0.0000,0,0.0000,0,0.0000,0,0.0000,0,0.0000,0,0.0000,0.000000,0.000000,0.00,0.00
2026-05-30T15:05:04-0300,1780164304,966,-25.0803,987,-25.4201,3,0.0722,3,0.0742,982,-25.3037,976,-23.3455,0,-0.1661,5150,11.9046,,0.0000,0,0.0000,0,0.0000,0,0.0000,0,0.0000,0,0.0000,0,0.0000,0,0.0000,0.000000,0.000000,0.00,0.00
2026-05-30T15:05:04-0300,1780164304,966,-25.0803,987,-25.4201,3,0.0152,3,0.0160,982,-25.3037,977,-24.1938,0,-0.1772,5150,11.9046,,0.0000,0,0.0000,0,0.0000,0,0.0000,0,0.0000,0,0.0000,0,0.0000,0,0.0000,0.000000,0.000000,0.00,0.00
2026-05-30T15:05:04-0300,1780164304,966,-25.0803,988,-25.4185,3,0.0038,3,0.0043,982,-25.3037,977,-24.3635,1,-0.1239,5151,11.9064,,0.0000,0,0.0000,0,0.0000,0,0.0000,0,0.0000,0,0.0000,0,0.0000,0,0.0000,0.000000,0.000000,0.00,0.00
2026-05-30T15:05:04-0300,1780164304,966,-25.0803,987,-25.4198,3,0.0015,3,0.0020,982,-25.3037,977,-24.3974,0,-0.1688,5150,11.9050,,0.0000,0,0.0000,0,0.0000,0,0.0000,0,0.0000,0,0.0000,0,0.0000,0,0.0000,0.000000,0.000000,0.00,0.00
2026-05-30T15:05:04-0300,1780164304,966,-25.0803,987,-25.4201,3,0.0011,3,0.0015,982,-25.3037,977,-24.4042,1,-0.1222,5150,11.9047,,0.0000,0,0.0000,0,0.0000,0,0.0000,0,0.0000,0,0.0000,0,0.0000,0,0.0000,0.000000,0.000000,0.00,0.00
2026-05-30T15:05:04-0300,1780164304,966,-25.0803,986,-25.4218,3,0.0010,3,0.0014,983,-25.3020,977,-24.4056,1,-0.1129,5150,11.9046,,0.0000,0,0.0000,0,0.0000,0,0.0000,0,0.0000,0,0.0000,0,0.0000,0,0.0000,0.000000,0.000000,0.00,0.00
2026-05-30T15:05:04-0300,1780164304,966,-25.0803,987,-25.4205,3,0.0009,3,0.0014,982,-25.3033,977,-24.4058,1,-0.1111,5150,11.9046,,0.0000,0,0.0000,0,0.0000,0,0.0000,0,0.0000,0,0.0000,0,0.0000,0,0.0000,0.000000,0.000000,0.00,0.00
2026-05-30T15:05:04-0300,1780164304,966,-25.0803,987,-25.4202,3,0.0009,3,0.0014,982,-25.3036,977,-24.4059,0,-0.1662,5150,11.9046,,0.0000,0,0.0000,0,0.0000,0,0.0000,0,0.0000,0,0.0000,0,0.0000,0,0.0000,0.000000,0.000000,0.00,0.00
2026-05-30T15:05:04-0300,1780164304,966,-25.0803,987,-25.4202,2,-0.0009,3,0.0014,982,-25.3037,977,-24.4059,0,-0.1772,5149,11.9027,,0.0000,0,0.0000,0,0.0000,0,0.0000,0,0.0000,0,0.0000,0,0.0000,0,0.0000,0.000000,0.000000,0.00,0.00
2026-05-30T15:05:04-0300,1780164304,966,-25.0803,987,-25.4201,3,0.0006,3,0.0014,981,-25.3053,977,-24.4059,0,-0.1794,5150,11.9042,,0.0000,0,0.0000,0,0.0000,0,0.0000,0,0.0000,0,0.0000,0,0.0000,0,0.0000,0.000000,0.000000,0.00,0.00
2026-05-30T15:05:04-0300,1780164304,966,-25.0803,986,-25.4218,3,0.0009,3,0.0014,982,-25.3040,977,-24.4059,1,-0.1244,5151,11.9064,,0.0000,0,0.0000,0,0.0000,0,0.0000,0,0.0000,0,0.0000,0,0.0000,0,0.0000,0.000000,0.000000,0.00,0.00
2026-05-30T15:05:04-0300,1780164304,966,-25.0803,987,-25.4205,3,0.0009,3,0.0014,982,-25.3037,977,-24.4059,0,-0.1688,5150,11.9049,,0.0000,0,0.0000,0,0.0000,0,0.0000,0,0.0000,0,0.0000,0,0.0000,0,0.0000,0.000000,0.000000,0.00,0.00
2026-05-30T15:05:04-0300,1780164304,966,-25.0803,987,-25.4202,3,0.0009,3,0.0014,982,-25.3037,977,-24.4059,1,-0.1223,5150,11.9047,,0.0000,0,0.0000,0,0.0000,0,0.0000,0,0.0000,0,0.0000,0,0.0000,0,0.0000,0.000000,0.000000,0.00,0.00
2026-05-30T15:05:04-0300,1780164304,966,-25.0803,987,-25.4202,3,0.0009,3,0.0014,982,-25.3037,978,-24.4043,0,-0.1684,5150,11.9046,,0.0000,0,0.0000,0,0.0000,0,0.0000,0,0.0000,0,0.0000,0,0.0000,0,0.0000,0.000000,0.000000,0.00,0.00
2026-05-30T15:05:04-0300,1780164304,966,-25.0803,987,-25.4201,3,0.0009,3,0.0014,982,-25.3037,977,-24.4056,1,-0.1222,5150,11.9046,,0.0000,0,0.0000,0,0.0000,0,0.0000,0,0.0000,0,0.0000,0,0.0000,0,0.0000,0.000000,0.000000,0.00,0.00
2026-05-30T15:05:04-0300,1780164304,966,-25.0803,987,-25.4201,3,0.0009,3,0.0014,982,-25.3037,976,-24.4075,0,-0.1684,5151,11.9064,,0.0000,0,0.0000,0,0.0000,0,0.0000,0,0.0000,0,0.0000,0,0.0000,0,0.0000,0.000000,0.000000,0.00,0.00
2026-05-30T15:05:04-0300,1780164304,966,-25.0803,987,-25.4201,3,0.0009,3,0.0014,982,-25.3037,976,-24.4078,1,-0.1222,5150,11.9050,,0.0000,0,0.0000,0,0.0000,0,0.0000,0,0.0000,0,0.0000,0,0.0000,0,0.0000,0.000000,0.000000,0.00,0.00
2026-05-30T15:05:05-0300,1780164305,966,-25.0803,987,-25.4201,4,0.0028,3,0.0014,982,-25.3037,978,-24.4047,1,-0.1129,5151,11.9065,,0.0000,0,0.0000,0,0.0000,0,0.0000,0,0.0000,0,0.0000,0,0.0000,0,0.0000,0.000000,0.000000,0.00,0.00
2026-05-30T15:05:05-0300,1780164305,966,-25.0803,987,-25.4201,3,0.0013,3,0.0014,982,-25.3037,977,-24.4057,0,-0.1666,5151,11.9068,,0.0000,0,0.0000,0,0.0000,0,0.0000,0,0.0000,0,0.0000,0,0.0000,0,0.0000,0.000000,0.000000,0.00,0.00
2026-05-30T15:05:05-0300,1780164305,966,-25.0803,987,-25.4201,3,0.0010,3,0.0014,982,-25.3037,976,-24.4075,1,-0.1218,5151,11.9069,,0.0000,0,0.0000,0,0.0000,0,0.0000,0,0.0000,0,0.0000,0,0.0000,0,0.0000,0.000000,0.000000,0.00,0.00
2026-05-30T15:05:05-0300,1780164305,966,-25.0803,986,-25.4218,3,0.0010,3,0.0014,982,-25.3037,977,-24.4062,0,-0.1683,5150,11.9051,,0.0000,0,0.0000,0,0.0000,0,0.0000,0,0.0000,0,0.0000,0,0.0000,0,0.0000,0.000000,0.000000,0.00,0.00
2026-05-30T15:05:05-0300,1780164305,966,-25.0803,987,-25.4205,4,0.0028,3,0.0014,982,-25.3037,977,-24.4060,1,-0.1222,5150,11.9047,,0.0000,0,0.0000,0,0.0000,0,0.0000,0,0.0000,0,0.0000,0,0.0000,0,0.0000,0.000000,0.000000,0.00,0.00
2026-05-30T15:05:05-0300,1780164305,966,-25.0803,987,-25.4202,3,0.0013,3,0.0014,983,-25.3020,977,-24.4059,1,-0.1129,5150,11.9046,,0.0000,0,0.0000,0,0.0000,0,0.0000,0,0.0000,0,0.0000,0,0.0000,0,0.0000,0.000000,0.000000,0.00,0.00
2026-05-30T15:05:05-0300,1780164305,966,-25.0803,987,-25.4202,3,0.0010,3,0.0014,982,-25.3033,977,-24.4059,0,-0.1665,5150,11.9046,,0.0000,0,0.0000,0,0.0000,0,0.0000,0,0.0000,0,0.0000,0,0.0000,0,0.0000,0.000000,0.000000,0.00,0.00
2026-05-30T15:05:05-0300,1780164305,966,-25.0803,987,-25.4201,3,0.0010,3,0.0014,982,-25.3036,976,-24.4075,1,-0.1218,5150,11.9046,,0.0000,0,0.0000,0,0.0000,0,0.0000,0,0.0000,0,0.0000,0,0.0000,0,0.0000,0.000000,0.000000,0.00,0.00
2026-05-30T15:05:05-0300,1780164305,966,-25.0803,987,-25.4201,3,0.0009,2,-0.0004,982,-25.3037,977,-24.4062,1,-0.1128,5150,11.9046,,0.0000,0,0.0000,0,0.0000,0,0.0000,0,0.0000,0,0.0000,0,0.0000,0,0.0000,0.000000,0.000000,0.00,0.00
2026-05-30T15:05:05-0300,1780164305,966,-25.0803,987,-25.4201,3,0.0009,3,0.0010,982,-25.3037,976,-24.4076,0,-0.1665,5150,11.9046,,0.0000,0,0.0000,0,0.0000,0,0.0000,0,0.0000,0,0.0000,0,0.0000,0,0.0000,0.000000,0.000000,0.00,0.00
2026-05-30T15:05:05-0300,1780164305,966,-25.0803,988,-25.4185,3,0.0009,3,0.0013,983,-25.3020,977,-24.4062,0,-0.1773,5150,11.9046,,0.0000,0,0.0000,0,0.0000,0,0.0000,0,0.0000,0,0.0000,0,0.0000,0,0.0000,0.000000,0.000000,0.00,0.00
2026-05-30T15:05:05-0300,1780164305,966,-25.0803,987,-25.4198,3,0.0009,3,0.0014,983,-25.3017,976,-24.4076,0,-0.1794,5150,11.9046,,0.0000,0,0.0000,0,0.0000,0,0.0000,0,0.0000,0,0.0000,0,0.0000,0,0.0000,0.000000,0.000000,0.00,0.00
2026-05-30T15:05:05-0300,1780164305,966,-25.0803,987,-25.4201,3,0.0009,3,0.0014,982,-25.3033,977,-24.4062,1,-0.1244,5151,11.9064,,0.0000,0,0.0000,0,0.0000,0,0.0000,0,0.0000,0,0.0000,0,0.0000,0,0.0000,0.000000,0.000000,0.00,0.00
2026-05-30T15:05:05-0300,1780164305,966,-25.0803,987,-25.4201,3,0.0009,3,0.0014,982,-25.3036,976,-24.4076,1,-0.1134,5150,11.9050,,0.0000,0,0.0000,0,0.0000,0,0.0000,0,0.0000,0,0.0000,0,0.0000,0,0.0000,0.000000,0.000000,0.00,0.00
2026-05-30T15:05:05-0300,1780164305,965,-25.0819,986,-25.4218,3,0.0009,3,0.0014,982,-25.3037,977,-24.4062,0,-0.1666,5151,11.9065,,0.0000,0,0.0000,0,0.0000,0,0.0000,0,0.0000,0,0.0000,0,0.0000,0,0.0000,0.000000,0.000000,0.00,0.00
2026-05-30T15:05:05-0300,1780164305,966,-25.0806,987,-25.4205,3,0.0009,3,0.0014,982,-25.3037,977,-24.4060,0,-0.1773,5150,11.9050,,0.0000,0,0.0000,0,0.0000,0,0.0000,0,0.0000,0,0.0000,0,0.0000,0,0.0000,0.000000,0.000000,0.00,0.00
2026-05-30T15:05:05-0300,1780164305,966,-25.0803,987,-25.4202,3,0.0009,3,0.0014,983,-25.3020,976,-24.4075,0,-0.1794,5150,11.9047,,0.0000,0,0.0000,0,0.0000,0,0.0000,0,0.0000,0,0.0000,0,0.0000,0,0.0000,0.000000,0.000000,0.00,0.00
2026-05-30T15:05:06-0300,1780164306,966,-25.0803,987,-25.4202,3,0.0009,3,0.0014,983,-25.3017,977,-24.4062,0,-0.1799,5150,11.9046,,0.0000,0,0.0000,0,0.0000,0,0.0000,0,0.0000,0,0.0000,0,0.0000,0,0.0000,0.000000,0.000000,0.00,0.00
2026-05-30T15:05:06-0300,1780164306,966,-25.0803,987,-25.4201,3,0.0009,3,0.0014,982,-25.3033,977,-24.4060,0,-0.1799,5150,11.9046,,0.0000,0,0.0000,0,0.0000,0,0.0000,0,0.0000,0,0.0000,0,0.0000,0,0.0000,0.000000,0.000000,0.00,0.00
2026-05-30T15:05:06-0300,1780164306,966,-25.0803,987,-25.4201,3,0.0009,3,0.0014,983,-25.3019,977,-24.4059,0,-0.1800,5150,11.9046,,0.0000,0,0.0000,0,0.0000,0,0.0000,0,0.0000,0,0.0000,0,0.0000,0,0.0000,0.000000,0.000000,0.00,0.00
2026-05-30T15:05:06-0300,1780164306,966,-25.0803,987,-25.4201,3,0.0009,3,0.0014,982,-25.3033,977,-24.4059,1,-0.1245,5150,11.9046,,0.0000,0,0.0000,0,0.0000,0,0.0000,0,0.0000,0,0.0000,0,0.0000,0,0.0000,0.000000,0.000000,0.00,0.00
2026-05-30T15:05:06-0300,1780164306,966,-25.0803,987,-25.4201,3,0.0009,3,0.0014,982,-25.3036,977,-24.4059,1,-0.1134,5150,11.9046,,0.0000,0,0.0000,0,0.0000,0,0.0000,0,0.0000,0,0.0000,0,0.0000,0,0.0000,0.000000,0.000000,0.00,0.00
2026-05-30T15:05:06-0300,1780164306,966,-25.0803,987,-25.4201,3,0.0009,3,0.0014,982,-25.3037,977,-24.4059,0,-0.1666,5150,11.9046,,0.0000,0,0.0000,0,0.0000,0,0.0000,0,0.0000,0,0.0000,0,0.0000,0,0.0000,0.000000,0.000000,0.00,0.00
2026-05-30T15:05:06-0300,1780164306,966,-25.0803,986,-25.4218,3,0.0009,4,0.0033,982,-25.3037,976,-24.4075,0,-0.1773,5150,11.9046,,0.0000,0,0.0000,0,0.0000,0,0.0000,0,0.0000,0,0.0000,0,0.0000,0,0.0000,0.000000,0.000000,0.00,0.00
2026-05-30T15:05:06-0300,1780164306,966,-25.0803,987,-25.4205,3,0.0009,3,0.0018,983,-25.3020,977,-24.4062,1,-0.1239,5150,11.9046,,0.0000,0,0.0000,0,0.0000,0,0.0000,0,0.0000,0,0.0000,0,0.0000,0,0.0000,0.000000,0.000000,0.00,0.00
2026-05-30T15:05:06-0300,1780164306,966,-25.0803,987,-25.4202,3,0.0009,3,0.0015,982,-25.3033,977,-24.4060,1,-0.1133,5150,11.9046,,0.0000,0,0.0000,0,0.0000,0,0.0000,0,0.0000,0,0.0000,0,0.0000,0,0.0000,0.000000,0.000000,0.00,0.00
2026-05-30T15:05:06-0300,1780164306,966,-25.0803,987,-25.4202,3,0.0009,3,0.0014,983,-25.3020,977,-24.4059,1,-0.1111,5151,11.9064,,0.0000,0,0.0000,0,0.0000,0,0.0000,0,0.0000,0,0.0000,0,0.0000,0,0.0000,0.000000,0.000000,0.00,0.00
2026-05-30T15:05:06-0300,1780164306,966,-25.0803,987,-25.4201,3,0.0009,3,0.0014,982,-25.3033,977,-24.4059,1,-0.1107,5150,11.9050,,0.0000,0,0.0000,0,0.0000,0,0.0000,0,0.0000,0,0.0000,0,0.0000,0,0.0000,0.000000,0.000000,0.00,0.00
2026-05-30T15:05:06-0300,1780164306,966,-25.0803,987,-25.4201,3,0.0009,3,0.0014,982,-25.3036,977,-24.4059,0,-0.1661,5150,11.9047,,0.0000,0,0.0000,0,0.0000,0,0.0000,0,0.0000,0,0.0000,0,0.0000,0,0.0000,0.000000,0.000000,0.00,0.00
2026-05-30T15:05:06-0300,1780164306,966,-25.0803,987,-25.4201,3,0.0009,3,0.0014,982,-25.3037,976,-24.4075,1,-0.1217,5150,11.9046,,0.0000,0,0.0000,0,0.0000,0,0.0000,0,0.0000,0,0.0000,0,0.0000,0,0.0000,0.000000,0.000000,0.00,0.00
2026-05-30T15:05:06-0300,1780164306,965,-25.0819,987,-25.4201,3,0.0009,3,0.0014,983,-25.3020,977,-24.4062,0,-0.1683,5151,11.9064,,0.0000,0,0.0000,0,0.0000,0,0.0000,0,0.0000,0,0.0000,0,0.0000,0,0.0000,0.000000,0.000000,0.00,0.00
2026-05-30T15:05:06-0300,1780164306,966,-25.0806,988,-25.4185,3,0.0009,3,0.0014,983,-25.3017,977,-24.4060,1,-0.1221,5150,11.9050,,0.0000,0,0.0000,0,0.0000,0,0.0000,0,0.0000,0,0.0000,0,0.0000,0,0.0000,0.000000,0.000000,0.00,0.00
2026-05-30T15:05:06-0300,1780164306,966,-25.0803,987,-25.4198,3,0.0009,3,0.0014,983,-25.3016,976,-24.4075,1,-0.1129,5150,11.9047,,0.0000,0,0.0000,0,0.0000,0,0.0000,0,0.0000,0,0.0000,0,0.0000,0,0.0000,0.000000,0.000000,0.00,0.00
2026-05-30T15:05:06-0300,1780164306,966,-25.0803,987,-25.4201,3,0.0009,3,0.0014,982,-25.3033,977,-24.4062,0,-0.1665,5150,11.9046,,0.0000,0,0.0000,0,0.0000,0,0.0000,0,0.0000,0,0.0000,0,0.0000,0,0.0000,0.000000,0.000000,0.00,0.00
2026-05-30T15:05:07-0300,1780164307,966,-25.0803,987,-25.4201,3,0.0009,4,0.0033,983,-25.3019,977,-24.4060,1,-0.1218,5150,11.9046,,0.0000,0,0.0000,0,0.0000,0,0.0000,0,0.0000,0,0.0000,0,0.0000,0,0.0000,0.000000,0.000000,0.00,0.00
2026-05-30T15:05:07-0300,1780164307,966,-25.0803,987,-25.4201,3,0.0009,3,0.0018,983,-25.3017,977,-24.4059,1,-0.1128,5150,11.9046,,0.0000,0,0.0000,0,0.0000,0,0.0000,0,0.0000,0,0.0000,0,0.0000,0,0.0000,0.000000,0.000000,0.00,0.00
2026-05-30T15:05:07-0300,1780164307,966,-25.0803,987,-25.4201,3,0.0009,4,0.0033,982,-25.3033,976,-24.4075,1,-0.1111,5150,11.9046,,0.0000,0,0.0000,0,0.0000,0,0.0000,0,0.0000,0,0.0000,0,0.0000,0,0.0000,0.000000,0.000000,0.00,0.00
2026-05-30T15:05:07-0300,1780164307,966,-25.0803,986,-25.4218,3,0.0009,4,0.0036,983,-25.3019,976,-24.4079,0,-0.1662,5150,11.9046,,0.0000,0,0.0000,0,0.0000,0,0.0000,0,0.0000,0,0.0000,0,0.0000,0,0.0000,0.000000,0.000000,0.00,0.00
2026-05-30T15:05:07-0300,1780164307,966,-25.0803,987,-25.4205,3,0.0009,3,0.0019,982,-25.3033,977,-24.4063,1,-0.1217,5150,11.9046,,0.0000,0,0.0000,0,0.0000,0,0.0000,0,0.0000,0,0.0000,0,0.0000,0,0.0000,0.000000,0.000000,0.00,0.00
2026-05-30T15:05:07-0300,1780164307,966,-25.0803,987,-25.4202,3,0.0009,3,0.0015,982,-25.3036,977,-24.4060,0,-0.1683,5150,11.9046,,0.0000,0,0.0000,0,0.0000,0,0.0000,0,0.0000,0,0.0000,0,0.0000,0,0.0000,0.000000,0.000000,0.00,0.00
2026-05-30T15:05:07-0300,1780164307,966,-25.0803,986,-25.4218,4,0.0028,3,0.0014,982,-25.3037,977,-24.4059,1,-0.1222,5151,11.9064,,0.0000,0,0.0000,0,0.0000,0,0.0000,0,0.0000,0,0.0000,0,0.0000,0,0.0000,0.000000,0.000000,0.00,0.00
2026-05-30T15:05:07-0300,1780164307,966,-25.0803,987,-25.4205,3,0.0013,3,0.0014,983,-25.3020,977,-24.4059,1,-0.1129,5151,11.9068,,0.0000,0,0.0000,0,0.0000,0,0.0000,0,0.0000,0,0.0000,0,0.0000,0,0.0000,0.000000,0.000000,0.00,0.00
2026-05-30T15:05:07-0300,1780164307,966,-25.0803,986,-25.4219,3,0.0010,3,0.0014,982,-25.3033,977,-24.4059,1,-0.1111,5151,11.9069,,0.0000,0,0.0000,0,0.0000,0,0.0000,0,0.0000,0,0.0000,0,0.0000,0,0.0000,0.000000,0.000000,0.00,0.00
2026-05-30T15:05:07-0300,1780164307,966,-25.0803,987,-25.4205,3,0.0010,3,0.0014,982,-25.3036,977,-24.4059,1,-0.1107,5150,11.9051,,0.0000,0,0.0000,0,0.0000,0,0.0000,0,0.0000,0,0.0000,0,0.0000,0,0.0000,0.000000,0.000000,0.00,0.00
2026-05-30T15:05:07-0300,1780164307,966,-25.0803,987,-25.4202,3,0.0009,3,0.0014,982,-25.3037,977,-24.4059,1,-0.1106,5150,11.9047,,0.0000,0,0.0000,0,0.0000,0,0.0000,0,0.0000,0,0.0000,0,0.0000,0,0.0000,0.000000,0.000000,0.00,0.00
2026-05-30T15:05:07-0300,1780164307,966,-25.0803,987,-25.4202,3,0.0009,3,0.0014,982,-25.3037,976,-24.4075,0,-0.1661,5150,11.9046,,0.0000,0,0.0000,0,0.0000,0,0.0000,0,0.0000,0,0.0000,0,0.0000,0,0.0000,0.000000,0.000000,0.00,0.00
2026-05-30T15:05:07-0300,1780164307,966,-25.0803,988,-25.4185,3,0.0009,3,0.0014,982,-25.3037,977,-24.4062,1,-0.1217,5150,11.9046,,0.0000,0,0.0000,0,0.0000,0,0.0000,0,0.0000,0,0.0000,0,0.0000,0,0.0000,0.000000,0.000000,0.00,0.00
2026-05-30T15:05:07-0300,1780164307,966,-25.0803,987,-25.4198,3,0.0009,3,0.0014,983,-25.3020,977,-24.4060,1,-0.1128,5150,11.9046,,0.0000,0,0.0000,0,0.0000,0,0.0000,0,0.0000,0,0.0000,0,0.0000,0,0.0000,0.000000,0.000000,0.00,0.00
2026-05-30T15:05:07-0300,1780164307,966,-25.0803,987,-25.4201,4,0.0028,3,0.0014,983,-25.3017,977,-24.4059,1,-0.1111,5150,11.9046,,0.0000,0,0.0000,0,0.0000,0,0.0000,0,0.0000,0,0.0000,0,0.0000,0,0.0000,0.000000,0.000000,0.00,0.00
2026-05-30T15:05:07-0300,1780164307,966,-25.0803,987,-25.4201,3,0.0013,3,0.0014,983,-25.3016,976,-24.4075,1,-0.1107,5150,11.9046,,0.0000,0,0.0000,0,0.0000,0,0.0000,0,0.0000,0,0.0000,0,0.0000,0,0.0000,0.000000,0.000000,0.00,0.00
2026-05-30T15:05:07-0300,1780164307,965,-25.0819,987,-25.4201,3,0.0010,3,0.0014,983,-25.3016,977,-24.4062,1,-0.1106,5150,11.9046,,0.0000,0,0.0000,0,0.0000,0,0.0000,0,0.0000,0,0.0000,0,0.0000,0,0.0000,0.000000,0.000000,0.00,0.00
2026-05-30T15:05:08-0300,1780164308,967,-25.0789,987,-25.4201,3,0.0010,3,0.0014,983,-25.3016,977,-24.4060,1,-0.1106,5150,11.9046,,0.0000,0,0.0000,0,0.0000,0,0.0000,0,0.0000,0,0.0000,0,0.0000,0,0.0000,0.000000,0.000000,0.00,0.00
2026-05-30T15:05:08-0300,1780164308,966,-25.0800,987,-25.4201,3,0.0009,3,0.0014,982,-25.3033,977,-24.4059,1,-0.1106,5150,11.9046,,0.0000,0,0.0000,0,0.0000,0,0.0000,0,0.0000,0,0.0000,0,0.0000,0,0.0000,0.000000,0.000000,0.00,0.00
2026-05-30T15:05:08-0300,1780164308,966,-25.0802,987,-25.4201,3,0.0009,3,0.0014,983,-25.3019,977,-24.4059,1,-0.1106,5150,11.9046,,0.0000,0,0.0000,0,0.0000,0,0.0000,0,0.0000,0,0.0000,0,0.0000,0,0.0000,0.000000,0.000000,0.00,0.00
2026-05-30T15:05:08-0300,1780164308,965,-25.0819,987,-25.4201,4,0.0028,3,0.0014,982,-25.3033,976,-24.4075,0,-0.1661,5150,11.9046,,0.0000,0,0.0000,0,0.0000,0,0.0000,0,0.0000,0,0.0000,0,0.0000,0,0.0000,0.000000,0.000000,0.00,0.00
2026-05-30T15:05:08-0300,1780164308,966,-25.0806,987,-25.4201,3,0.0013,3,0.0014,982,-25.3036,976,-24.4079,1,-0.1217,5151,11.9064,,0.0000,0,0.0000,0,0.0000,0,0.0000,0,0.0000,0,0.0000,0,0.0000,0,0.0000,0.000000,0.000000,0.00,0.00
2026-05-30T15:05:08-0300,1780164308,966,-25.0803,988,-25.4185,3,0.0010,4,0.0033,983,-25.3020,976,-24.4079,1,-0.1128,5150,11.9050,,0.0000,0,0.0000,0,0.0000,0,0.0000,0,0.0000,0,0.0000,0,0.0000,0,0.0000,0.000000,0.000000,0.00,0.00
2026-05-30T15:05:08-0300,1780164308,966,-25.0803,987,-25.4198,3,0.0010,3,0.0018,982,-25.3033,977,-24.4063,1,-0.1111,5150,11.9047,,0.0000,0,0.0000,0,0.0000,0,0.0000,0,0.0000,0,0.0000,0,0.0000,0,0.0000,0.000000,0.000000,0.00,0.00
2026-05-30T15:05:08-0300,1780164308,966,-25.0803,987,-25.4201,3,0.0009,3,0.0015,983,-25.3020,977,-24.4060,0,-0.1662,5150,11.9046,,0.0000,0,0.0000,0,0.0000,0,0.0000,0,0.0000,0,0.0000,0,0.0000,0,0.0000,0.000000,0.000000,0.00,0.00
2026-05-30T15:05:08-0300,1780164308,966,-25.0803,987,-25.4201,3,0.0009,3,0.0014,983,-25.3017,976,-24.4075,1,-0.1217,5150,11.9046,,0.0000,0,0.0000,0,0.0000,0,0.0000,0,0.0000,0,0.0000,0,0.0000,0,0.0000,0.000000,0.000000,0.00,0.00
2026-05-30T15:05:08-0300,1780164308,966,-25.0803,987,-25.4201,3,0.0009,3,0.0014,983,-25.3016,977,-24.4062,1,-0.1128,5150,11.9046,,0.0000,0,0.0000,0,0.0000,0,0.0000,0,0.0000,0,0.0000,0,0.0000,0,0.0000,0.000000,0.000000,0.00,0.00
2026-05-30T15:05:08-0300,1780164308,965,-25.0819,987,-25.4201,3,0.0009,3,0.0014,982,-25.3033,977,-24.4060,1,-0.1111,5150,11.9046,,0.0000,0,0.0000,0,0.0000,0,0.0000,0,0.0000,0,0.0000,0,0.0000,0,0.0000,0.000000,0.000000,0.00,0.00
2026-05-30T15:05:08-0300,1780164308,966,-25.0806,987,-25.4201,3,0.0009,3,0.0014,983,-25.3019,976,-24.4075,1,-0.1107,5150,11.9046,,0.0000,0,0.0000,0,0.0000,0,0.0000,0,0.0000,0,0.0000,0,0.0000,0,0.0000,0.000000,0.000000,0.00,0.00
2026-05-30T15:05:08-0300,1780164308,966,-25.0803,987,-25.4201,4,0.0028,3,0.0014,982,-25.3033,976,-24.4079,1,-0.1106,5150,11.9046,,0.0000,0,0.0000,0,0.0000,0,0.0000,0,0.0000,0,0.0000,0,0.0000,0,0.0000,0.000000,0.000000,0.00,0.00
2026-05-30T15:05:08-0300,1780164308,966,-25.0803,987,-25.4201,3,0.0013,3,0.0014,983,-25.3020,976,-24.4079,1,-0.1106,5150,11.9046,,0.0000,0,0.0000,0,0.0000,0,0.0000,0,0.0000,0,0.0000,0,0.0000,0,0.0000,0.000000,0.000000,0.00,0.00
2026-05-30T15:05:08-0300,1780164308,966,-25.0803,987,-25.4201,3,0.0010,3,0.0014,982,-25.3033,977,-24.4063,1,-0.1106,5150,11.9046,,0.0000,0,0.0000,0,0.0000,0,0.0000,0,0.0000,0,0.0000,0,0.0000,0,0.0000,0.000000,0.000000,0.00,0.00
2026-05-30T15:05:08-0300,1780164308,966,-25.0803,987,-25.4201,3,0.0010,3,0.0014,983,-25.3020,976,-24.4076,1,-0.1106,5150,11.9046,,0.0000,0,0.0000,0,0.0000,0,0.0000,0,0.0000,0,0.0000,0,0.0000,0,0.0000,0.000000,0.000000,0.00,0.00
2026-05-30T15:05:08-0300,1780164308,965,-25.0819,988,-25.4185,3,0.0009,3,0.0014,982,-25.3033,977,-24.4063,1,-0.1106,5150,11.9046,,0.0000,0,0.0000,0,0.0000,0,0.0000,0,0.0000,0,0.0000,0,0.0000,0,0.0000,0.000000,0.000000,0.00,0.00
2026-05-30T15:05:09-0300,1780164309,966,-25.0806,987,-25.4198,3,0.0009,3,0.0014,983,-25.3020,977,-24.4060,1,-0.1106,5150,11.9046,,0.0000,0,0.0000,0,0.0000,0,0.0000,0,0.0000,0,0.0000,0,0.0000,0,0.0000,0.000000,0.000000,0.00,0.00
2026-05-30T15:05:09-0300,1780164309,966,-25.0803,987,-25.4201,3,0.0009,3,0.0014,983,-25.3017,977,-24.4059,0,-0.1661,5150,11.9046,,0.0000,0,0.0000,0,0.0000,0,0.0000,0,0.0000,0,0.0000,0,0.0000,0,0.0000,0.000000,0.000000,0.00,0.00
2026-05-30T15:05:09-0300,1780164309,966,-25.0803,987,-25.4201,3,0.0009,4,0.0033,982,-25.3033,976,-24.4075,1,-0.1217,5150,11.9046,,0.0000,0,0.0000,0,0.0000,0,0.0000,0,0.0000,0,0.0000,0,0.0000,0,0.0000,0.000000,0.000000,0.00,0.00
2026-05-30T15:05:09-0300,1780164309,966,-25.0803,987,-25.4201,3,0.0009,3,0.0018,982,-25.3036,977,-24.4062,1,-0.1128,5150,11.9046,,0.0000,0,0.0000,0,0.0000,0,0.0000,0,0.0000,0,0.0000,0,0.0000,0,0.0000,0.000000,0.000000,0.00,0.00
2026-05-30T15:05:09-0300,1780164309,967,-25.0786,987,-25.4201,3,0.0009,2,-0.0004,982,-25.3037,977,-24.4060,0,-0.1665,5150,11.9046,,0.0000,0,0.0000,0,0.0000,0,0.0000,0,0.0000,0,0.0000,0,0.0000,0,0.0000,0.000000,0.000000,0.00,0.00
2026-05-30T15:05:09-0300,1780164309,967,-25.0783,987,-25.4201,3,0.0009,3,0.0011,983,-25.3020,977,-24.4059,0,-0.1773,5150,11.9046,,0.0000,0,0.0000,0,0.0000,0,0.0000,0,0.0000,0,0.0000,0,0.0000,0,0.0000,0.000000,0.000000,0.00,0.00
2026-05-30T15:05:09-0300,1780164309,966,-25.0799,987,-25.4201,3,0.0009,3,0.0013,983,-25.3017,977,-24.4059,0,-0.1794,5150,11.9046,,0.0000,0,0.0000,0,0.0000,0,0.0000,0,0.0000,0,0.0000,0,0.0000,0,0.0000,0.000000,0.000000,0.00,0.00
2026-05-30T15:05:09-0300,1780164309,966,-25.0802,988,-25.4185,3,0.0009,3,0.0014,982,-25.3033,977,-24.4059,1,-0.1244,5150,11.9046,,0.0000,0,0.0000,0,0.0000,0,0.0000,0,0.0000,0,0.0000,0,0.0000,0,0.0000,0.000000,0.000000,0.00,0.00
2026-05-30T15:05:09-0300,1780164309,966,-25.0802,988,-25.4181,3,0.0009,3,0.0014,983,-25.3019,977,-24.4059,1,-0.1134,5150,11.9046,,0.0000,0,0.0000,0,0.0000,0,0.0000,0,0.0000,0,0.0000,0,0.0000,0,0.0000,0.000000,0.000000,0.00,0.00
2026-05-30T15:05:09-0300,1780164309,966,-25.0802,987,-25.4197,3,0.0009,3,0.0014,982,-25.3033,976,-24.4075,0,-0.1666,5150,11.9046,,0.0000,0,0.0000,0,0.0000,0,0.0000,0,0.0000,0,0.0000,0,0.0000,0,0.0000,0.000000,0.000000,0.00,0.00
2026-05-30T15:05:09-0300,1780164309,966,-25.0802,988,-25.4184,3,0.0009,3,0.0014,983,-25.3020,977,-24.4062,0,-0.1773,5150,11.9046,,0.0000,0,0.0000,0,0.0000,0,0.0000,0,0.0000,0,0.0000,0,0.0000,0,0.0000,0.000000,0.000000,0.00,0.00
2026-05-30T15:05:09-0300,1780164309,966,-25.0803,988,-25.4181,3,0.0009,3,0.0014,983,-25.3017,977,-24.4060,0,-0.1794,5150,11.9046,,0.0000,0,0.0000,0,0.0000,0,0.0000,0,0.0000,0,0.0000,0,0.0000,0,0.0000,0.000000,0.000000,0.00,0.00
2026-05-30T15:05:09-0300,1780164309,966,-25.0803,987,-25.4197,3,0.0009,3,0.0014,982,-25.3033,976,-24.4075,0,-0.1799,5151,11.9064,,0.0000,0,0.0000,0,0.0000,0,0.0000,0,0.0000,0,0.0000,0,0.0000,0,0.0000,0.000000,0.000000,0.00,0.00
2026-05-30T15:05:09-0300,1780164309,965,-25.0819,987,-25.4201,4,0.0028,3,0.0014,982,-25.3036,976,-24.4079,0,-0.1799,5150,11.9050,,0.0000,0,0.0000,0,0.0000,0,0.0000,0,0.0000,0,0.0000,0,0.0000,0,0.0000,0.000000,0.000000,0.00,0.00
2026-05-30T15:05:09-0300,1780164309,967,-25.0789,987,-25.4201,4,0.0032,3,0.0014,982,-25.3037,976,-24.4079,0,-0.1800,5150,11.9047,,0.0000,0,0.0000,0,0.0000,0,0.0000,0,0.0000,0,0.0000,0,0.0000,0,0.0000,0.000000,0.000000,0.00,0.00
2026-05-30T15:05:09-0300,1780164309,966,-25.0800,986,-25.4218,3,0.0014,4,0.0033,982,-25.3037,976,-24.4079,0,-0.1800,5150,11.9046,,0.0000,0,0.0000,0,0.0000,0,0.0000,0,0.0000,0,0.0000,0,0.0000,0,0.0000,0.000000,0.000000,0.00,0.00
2026-05-30T15:05:10-0300,1780164310,966,-25.0802,987,-25.4205,3,0.0010,3,0.0018,983,-25.3020,976,-24.4079,0,-0.1800,5150,11.9046,,0.0000,0,0.0000,0,0.0000,0,0.0000,0,0.0000,0,0.0000,0,0.0000,0,0.0000,0.000000,0.000000,0.00,0.00
2026-05-30T15:05:10-0300,1780164310,966,-25.0802,986,-25.4219,3,0.0010,4,0.0033,983,-25.3017,976,-24.4079,0,-0.1800,5151,11.9064,,0.0000,0,0.0000,0,0.0000,0,0.0000,0,0.0000,0,0.0000,0,0.0000,0,0.0000,0.000000,0.000000,0.00,0.00
2026-05-30T15:05:10-0300,1780164310,965,-25.0819,986,-25.4221,3,0.0009,3,0.0018,983,-25.3016,976,-24.4079,1,-0.1245,983,4.1955,,0.0000,0,0.0000,0,0.0000,0,0.0000,0,0.0000,0,0.0000,0,0.0000,0,0.0000,0.000000,0.000000,0.00,0.00
2026-05-30T15:05:10-0300,1780164310,966,-25.0806,987,-25.4205,3,0.0009,965,1.7813,983,-25.3016,976,-24.4079,17379,963.9846,5150,10.3628,,100.0000,0,0.0000,0,0.0000,0,0.0000,0,0.0000,0,0.0000,0,0.0000,0,0.0000,0.000000,0.000000,0.00,0.00
2026-05-30T15:05:10-0300,1780164310,966,-25.0803,986,-25.4219,3,0.0009,966,2.1390,982,-25.3033,976,-24.4079,0,192.6530,983,3.8868,,100.0000,0,0.0000,0,0.0000,0,0.0000,0,0.0000,0,0.0000,0,0.0000,0,0.0000,0.000000,0.000000,0.00,0.00
2026-05-30T15:05:10-0300,1780164310,966,-25.0803,986,-25.4221,966,1.7818,3,0.4289,983,-25.3019,17379,2.1434,1,38.4421,976,2.5786,,25.6281,0,0.0000,0,0.0000,0,0.0000,0,0.0000,0,0.0000,0,0.0000,0,0.0000,0.000000,0.000000,0.00,0.00
2026-05-30T15:05:10-0300,1780164310,965,-25.0819,965,-25.4571,986,2.1749,3,0.0869,982,-25.3033,976,-19.0977,976,61.6911,5150,10.0394,,41.1274,0,0.0000,0,0.0000,0,0.0000,0,0.0000,0,0.0000,0,0.0000,0,0.0000,0.000000,0.000000,0.00,0.00
2026-05-30T15:05:10-0300,1780164310,966,-25.0806,987,-25.4275,986,2.2536,3,0.0185,983,-25.3020,982,-23.3362,0,12.1942,1,2.0053,,8.1295,0,0.0000,0,0.0000,0,0.0000,0,0.0000,0,0.0000,0,0.0000,0,0.0000,0.000000,0.000000,0.00,0.00
2026-05-30T15:05:10-0300,1780164310,966,-25.0803,966,-25.4565,3,0.4515,2,0.0030,982,-25.3033,976,-24.1936,1,2.3504,5150,9.9247,,1.5669,0,0.0000,0,0.0000,0,0.0000,0,0.0000,0,0.0000,0,0.0000,0,0.0000,0.000000,0.000000,0.00,0.00
2026-05-30T15:05:10-0300,1780164310,966,-25.0803,987,-25.4274,3,0.0910,3,0.0017,982,-25.3036,975,-24.3667,0,0.3261,5150,11.5086,,0.2174,0,0.0000,0,0.0000,0,0.0000,0,0.0000,0,0.0000,0,0.0000,0,0.0000,0.000000,0.000000,0.00,0.00
2026-05-30T15:05:10-0300,1780164310,965,-25.0819,986,-25.4233,3,0.0190,3,0.0015,982,-25.3037,977,-24.3981,1,-0.0233,5150,11.8254,,0.0000,0,0.0000,0,0.0000,0,0.0000,0,0.0000,0,0.0000,0,0.0000,0,0.0000,0.000000,0.000000,0.00,0.00
2026-05-30T15:05:10-0300,1780164310,966,-25.0806,986,-25.4224,3,0.0045,3,0.0014,982,-25.3037,976,-24.4060,1,-0.0931,5150,11.8888,,0.0000,0,0.0000,0,0.0000,0,0.0000,0,0.0000,0,0.0000,0,0.0000,0,0.0000,0.000000,0.000000,0.00,0.00
2026-05-30T15:05:11-0300,1780164311,966,-25.0803,986,-25.4223,3,0.0017,3,0.0014,983,-25.3020,976,-24.4075,1,-0.1071,5151,11.9033,,0.0000,0,0.0000,0,0.0000,0,0.0000,0,0.0000,0,0.0000,0,0.0000,0,0.0000,0.000000,0.000000,0.00,0.00
2026-05-30T15:05:11-0300,1780164311,967,-25.0786,986,-25.4222,3,0.0011,3,0.0014,21475,8.4557,976,-24.4079,1,-0.1099,982,4.1930,,0.0000,0,0.0000,0,0.0000,0,0.0000,0,0.0000,0,0.0000,0,0.0000,0,0.0000,0.000000,0.000000,0.00,0.00
2026-05-30T15:05:11-0300,1780164311,966,-25.0799,987,-25.4206,3,0.0010,3,0.0014,982,-18.5518,977,-24.4063,1,-0.1105,5151,10.3641,,0.0000,0,0.0000,0,0.0000,0,0.0000,0,0.0000,0,0.0000,0,0.0000,0,0.0000,0.000000,0.000000,0.00,0.00
2026-05-30T15:05:11-0300,1780164311,966,-25.0802,986,-25.4219,3,0.0009,2,-0.0004,983,-23.9516,976,-24.4076,1,-0.1106,982,3.8852,,0.0000,0,0.0000,0,0.0000,0,0.0000,0,0.0000,0,0.0000,0,0.0000,0,0.0000,0.000000,0.000000,0.00,0.00
2026-05-30T15:05:11-0300,1780164311,966,-25.0802,986,-25.4221,3,0.0009,3,0.0010,982,-25.0333,976,-24.4079,1,-0.1106,5150,10.3007,,0.0000,0,0.0000,0,0.0000,0,0.0000,0,0.0000,0,0.0000,0,0.0000,0,0.0000,0.000000,0.000000,0.00,0.00
2026-05-30T15:05:11-0300,1780164311,966,-25.0802,986,-25.4222,965,1.7799,986,1.8200,982,-25.2496,977,-24.4063,982,54.3134,5150,11.5838,,36.2089,0,0.0000,0,0.0000,0,0.0000,0,0.0000,0,0.0000,0,0.0000,0,0.0000,0.000000,0.000000,0.00,0.00
2026-05-30T15:05:11-0300,1780164311,966,-25.0803,17379,1.8323,3,0.3567,4,0.3670,982,-25.2929,976,-24.4076,982,65.1982,5150,11.8404,,43.4655,0,0.0000,0,0.0000,0,0.0000,0,0.0000,0,0.0000,0,0.0000,0,0.0000,0.000000,0.000000,0.00,0.00
2026-05-30T15:05:11-0300,1780164311,966,-25.0803,21475,14.0930,3,0.0721,3,0.0745,982,-25.3015,976,-24.4079,1,12.9511,0,2.3637,,8.6341,0,0.0000,0,0.0000,0,0.0000,0,0.0000,0,0.0000,0,0.0000,0,0.0000,0.000000,0.000000,0.00,0.00
2026-05-30T15:05:11-0300,1780164311,17379,1.9648,986,-17.5192,985,1.8312,3,0.0160,17379,1.7083,976,-24.4079,975,56.5374,0,0.4683,,37.6916,0,0.0000,0,0.0000,0,0.0000,0,0.0000,0,0.0000,0,0.0000,0,0.0000,0.000000,0.000000,0.00,0.00
2026-05-30T15:05:11-0300,1780164311,966,-19.6712,985,-23.8433,3,0.3670,3,0.0043,982,-19.9013,976,-24.4079,0,11.1635,5150,9.6173,,7.4423,0,0.0000,0,0.0000,0,0.0000,0,0.0000,0,0.0000,0,0.0000,0,0.0000,0.000000,0.000000,0.00,0.00
2026-05-30T15:05:12-0300,1780164312,3,-25.5853,2,-26.7424,3,0.0741,3,0.0020,981,-24.2248,976,-24.4079,1,2.1442,5150,11.4471,,1.4295,0,0.0000,0,0.0000,0,0.0000,0,0.0000,0,0.0000,0,0.0000,0,0.0000,0.000000,0.000000,0.00,0.00
2026-05-30T15:05:12-0300,1780164312,966,-25.1813,985,-25.6879,3,0.0156,3,0.0015,1,-26.7039,976,-24.4079,0,0.2849,5150,11.8131,,0.1899,0,0.0000,0,0.0000,0,0.0000,0,0.0000,0,0.0000,0,0.0000,0,0.0000,0.000000,0.000000,0.00,0.00
2026-05-30T15:05:12-0300,1780164312,966,-25.1005,984,-25.4787,3,0.0039,4,0.0033,981,-25.5854,5151,-17.6499,1,-0.0315,5149,11.8844,,0.0000,0,0.0000,0,0.0000,0,0.0000,0,0.0000,0,0.0000,0,0.0000,0,0.0000,0.000000,0.000000,0.00,0.00
2026-05-30T15:05:12-0300,1780164312,966,-25.0843,3,-27.0678,3,0.0015,3,0.0018,981,-25.3617,976,-23.0563,1,-0.0948,5150,11.9006,,0.0000,0,0.0000,0,0.0000,0,0.0000,0,0.0000,0,0.0000,0,0.0000,0,0.0000,0.000000,0.000000,0.00,0.00
2026-05-30T15:05:12-0300,1780164312,966,-25.0811,984,-25.7547,3,0.0011,3,0.0015,980,-25.3186,976,-24.1376,1,-0.1074,5150,11.9038,,0.0000,0,0.0000,0,0.0000,0,0.0000,0,0.0000,0,0.0000,0,0.0000,0,0.0000,0.000000,0.000000,0.00,0.00
2026-05-30T15:05:12-0300,1780164312,966,-25.0804,985,-25.4904,3,0.0010,3,0.0014,980,-25.3099,5150,-17.5975,1,-0.1100,5151,11.9063,,0.0000,0,0.0000,0,0.0000,0,0.0000,0,0.0000,0,0.0000,0,0.0000,0,0.0000,0.000000,0.000000,0.00,0.00
2026-05-30T15:05:12-0300,1780164312,965,-25.0819,985,-25.4375,3,0.0009,3,0.0014,975,-25.3165,974,-23.0491,1,-0.1105,5150,11.9049,,0.0000,0,0.0000,0,0.0000,0,0.0000,0,0.0000,0,0.0000,0,0.0000,0,0.0000,0.000000,0.000000,0.00,0.00
2026-05-30T15:05:12-0300,1780164312,965,-25.0822,985,-25.4269,3,0.0009,3,0.0014,975,-25.3178,976,-24.1362,1,-0.1106,5150,11.9047,,0.0000,0,0.0000,0,0.0000,0,0.0000,0,0.0000,0,0.0000,0,0.0000,0,0.0000,0.000000,0.000000,0.00,0.00
2026-05-30T15:05:12-0300,1780164312,966,-25.0806,984,-25.4265,3,0.0009,4,0.0033,975,-25.3180,1,-25.9318,1,-0.1106,5150,11.9046,,0.0000,0,0.0000,0,0.0000,0,0.0000,0,0.0000,0,0.0000,0,0.0000,0,0.0000,0.000000,0.000000,0.00,0.00
2026-05-30T15:05:12-0300,1780164312,965,-25.0820,3,-27.0574,3,0.0009,3,0.0018,981,-25.3082,975,-24.7143,5150,285.5460,5150,11.9046,,100.0000,0,0.0000,0,0.0000,0,0.0000,0,0.0000,0,0.0000,0,0.0000,0,0.0000,0.000000,0.000000,0.00,0.00
2026-05-30T15:05:12-0300,1780164312,965,-25.0822,985,-25.7509,2,-0.0009,3,0.0015,975,-25.3161,975,-24.4708,5150,342.6773,5150,11.9046,,100.0000,0,0.0000,0,0.0000,0,0.0000,0,0.0000,0,0.0000,0,0.0000,0,0.0000,0.000000,0.000000,0.00,0.00
2026-05-30T15:05:12-0300,1780164312,965,-25.0823,984,-25.4913,3,0.0006,3,0.0014,0,-26.9238,975,-24.4221,0,68.3915,5150,11.9046,,45.5943,0,0.0000,0,0.0000,0,0.0000,0,0.0000,0,0.0000,0,0.0000,0,0.0000,0.000000,0.000000,0.00,0.00
2026-05-30T15:05:12-0300,1780164312,966,-25.0807,3,-27.0703,3,0.0009,3,0.0014,1,-27.2437,975,-24.4124,1,13.5898,5150,11.9046,,9.0599,0,0.0000,0,0.0000,0,0.0000,0,0.0000,0,0.0000,0,0.0000,0,0.0000,0.000000,0.000000,0.00,0.00
2026-05-30T15:05:12-0300,1780164312,965,-25.0820,3,-27.3861,3,0.0009,4,0.0033,1,-27.3077,975,-24.4104,0,2.5740,5150,11.9046,,1.7160,0,0.0000,0,0.0000,0,0.0000,0,0.0000,0,0.0000,0,0.0000,0,0.0000,0.000000,0.000000,0.00,0.00
2026-05-30T15:05:13-0300,1780164313,3,-26.6674,3,-27.4493,4,0.0028,3,0.0018,980,-25.7078,975,-24.4101,1,0.4263,5151,11.9064,,0.2842,0,0.0000,0,0.0000,0,0.0000,0,0.0000,0,0.0000,0,0.0000,0,0.0000,0.000000,0.000000,0.00,0.00
2026-05-30T15:05:13-0300,1780164313,966,-25.3977,984,-25.8310,4,0.0032,3,0.0015,1,-27.0005,975,-24.4100,1,-0.0032,5150,11.9050,,0.0000,0,0.0000,0,0.0000,0,0.0000,0,0.0000,0,0.0000,0,0.0000,0,0.0000,0.000000,0.000000,0.00,0.00
2026-05-30T15:05:13-0300,1780164313,965,-25.1454,985,-25.5056,3,0.0014,4,0.0033,980,-25.6463,5150,-17.6519,1,-0.0891,5150,11.9047,,0.0000,0,0.0000,0,0.0000,0,0.0000,0,0.0000,0,0.0000,0,0.0000,0,0.0000,0.000000,0.000000,0.00,0.00
2026-05-30T15:05:13-0300,1780164313,966,-25.0933,984,-25.4422,3,0.0010,3,0.0018,980,-25.3755,975,-23.0584,0,-0.1618,5150,11.9046,,0.0000,0,0.0000,0,0.0000,0,0.0000,0,0.0000,0,0.0000,0,0.0000,0,0.0000,0.000000,0.000000,0.00,0.00
2026-05-30T15:05:13-0300,1780164313,966,-25.0829,3,-27.0605,3,0.0010,3,0.0015,980,-25.3213,975,-24.1396,1,-0.1208,5150,11.9046,,0.0000,0,0.0000,0,0.0000,0,0.0000,0,0.0000,0,0.0000,0,0.0000,0,0.0000,0.000000,0.000000,0.00,0.00
2026-05-30T15:05:13-0300,1780164313,965,-25.0824,983,-25.7549,3,0.0009,3,0.0014,979,-25.3121,975,-24.3559,0,-0.1681,5150,11.9046,,0.0000,0,0.0000,0,0.0000,0,0.0000,0,0.0000,0,0.0000,0,0.0000,0,0.0000,0.000000,0.000000,0.00,0.00
2026-05-30T15:05:13-0300,1780164313,2,-26.6691,3,-27.1230,3,0.0009,3,0.0014,29667,21.9487,975,-24.3991,1,-0.1221,5150,11.9046,,0.0000,0,0.0000,0,0.0000,0,0.0000,0,0.0000,0,0.0000,0,0.0000,0,0.0000,0.000000,0.000000,0.00,0.00
2026-05-30T15:05:13-0300,1780164313,966,-25.3980,983,-25.7674,3,0.0009,3,0.0014,5150,-8.9871,975,-24.4078,1,-0.1129,5150,11.9046,,0.0000,0,0.0000,0,0.0000,0,0.0000,0,0.0000,0,0.0000,0,0.0000,0,0.0000,0.000000,0.000000,0.00,0.00
2026-05-30T15:05:13-0300,1780164313,3,-26.7306,983,-25.4962,3,0.0009,3,0.0014,979,-22.0453,975,-24.4095,1,-0.1111,5151,11.9064,,0.0000,0,0.0000,0,0.0000,0,0.0000,0,0.0000,0,0.0000,0,0.0000,0,0.0000,0.000000,0.000000,0.00,0.00
2026-05-30T15:05:13-0300,1780164313,966,-25.4103,983,-25.4420,3,0.0009,3,0.0014,979,-24.6569,975,-24.4099,1,-0.1107,5151,11.9068,,0.0000,0,0.0000,0,0.0000,0,0.0000,0,0.0000,0,0.0000,0,0.0000,0,0.0000,0.000000,0.000000,0.00,0.00
2026-05-30T15:05:13-0300,1780164313,966,-25.1463,983,-25.4312,4,0.0028,3,0.0014,978,-25.1809,975,-24.4099,0,-0.1661,5151,11.9069,,0.0000,0,0.0000,0,0.0000,0,0.0000,0,0.0000,0,0.0000,0,0.0000,0,0.0000,0.000000,0.000000,0.00,0.00
2026-05-30T15:05:13-0300,1780164313,965,-25.0951,983,-25.4290,2,-0.0005,3,0.0014,979,-25.2841,974,-24.4116,1,-0.1217,5149,11.9032,,0.0000,0,0.0000,0,0.0000,0,0.0000,0,0.0000,0,0.0000,0,0.0000,0,0.0000,0.000000,0.000000,0.00,0.00
2026-05-30T15:05:13-0300,1780164313,965,-25.0849,3,-27.0579,3,0.0006,3,0.0014,974,-25.3129,974,-24.4119,1,-0.1128,5151,11.9062,,0.0000,0,0.0000,0,0.0000,0,0.0000,0,0.0000,0,0.0000,0,0.0000,0,0.0000,0.000000,0.000000,0.00,0.00
2026-05-30T15:05:14-0300,1780164314,966,-25.0812,983,-25.7543,3,0.0009,4,0.0033,978,-25.3121,975,-24.4103,1,-0.1111,5150,11.9049,,0.0000,0,0.0000,0,0.0000,0,0.0000,0,0.0000,0,0.0000,0,0.0000,0,0.0000,0.000000,0.000000,0.00,0.00
2026-05-30T15:05:14-0300,1780164314,983,-25.0524,3,-27.1229,3,0.0009,3,0.0018,979,-25.3103,1,-25.9866,1,-0.1107,5150,11.9047,,0.0000,0,0.0000,0,0.0000,0,0.0000,0,0.0000,0,0.0000,0,0.0000,0,0.0000,0.000000,0.000000,0.00,0.00
2026-05-30T15:05:14-0300,1780164314,983,-25.0467,3,-27.3967,3,0.0009,3,0.0015,975,-25.3165,1,-26.3019,5151,285.6015,5150,11.9046,,100.0000,0,0.0000,0,0.0000,0,0.0000,0,0.0000,0,0.0000,0,0.0000,0,0.0000,0.000000,0.000000,0.00,0.00
2026-05-30T15:05:14-0300,1780164314,966,-25.0735,3,-27.4514,3,0.0009,3,0.0014,979,-25.3112,2,-26.3633,5150,342.6884,5150,11.9046,,100.0000,0,0.0000,0,0.0000,0,0.0000,0,0.0000,0,0.0000,0,0.0000,0,0.0000,0.000000,0.000000,0.00,0.00
2026-05-30T15:05:14-0300,1780164314,3,-26.6657,3,-27.4624,3,0.0009,3,0.0014,1,-26.9212,5150,-18.0426,1,68.4492,5151,11.9064,,45.6328,0,0.0000,0,0.0000,0,0.0000,0,0.0000,0,0.0000,0,0.0000,0,0.0000,0.000000,0.000000,0.00,0.00
2026-05-30T15:05:14-0300,1780164314,965,-25.3990,983,-25.8352,3,0.0009,3,0.0014,979,-25.6321,976,-23.1349,0,13.5459,5150,11.9050,,9.0306,0,0.0000,0,0.0000,0,0.0000,0,0.0000,0,0.0000,0,0.0000,0,0.0000,0.000000,0.000000,0.00,0.00
2026-05-30T15:05:14-0300,1780164314,965,-25.1456,983,-25.5098,3,0.0009,3,0.0014,978,-25.3759,975,-24.1549,1,2.6207,5150,11.9047,,1.7471,0,0.0000,0,0.0000,0,0.0000,0,0.0000,0,0.0000,0,0.0000,0,0.0000,0.000000,0.000000,0.00,0.00
2026-05-30T15:05:14-0300,1780164314,2,-26.6818,983,-25.4447,3,0.0009,3,0.0014,1,-26.9342,5150,-17.6009,0,0.3802,5150,11.9046,,0.2534,0,0.0000,0,0.0000,0,0.0000,0,0.0000,0,0.0000,0,0.0000,0,0.0000,0.000000,0.000000,0.00,0.00
2026-05-30T15:05:14-0300,1780164314,965,-25.4022,3,-27.0610,3,0.0009,3,0.0014,978,-25.6364,975,-23.0482,1,-0.0125,5150,11.9046,,0.0000,0,0.0000,0,0.0000,0,0.0000,0,0.0000,0,0.0000,0,0.0000,0,0.0000,0.000000,0.000000,0.00,0.00
2026-05-30T15:05:14-0300,1780164314,966,-25.1446,983,-25.7550,3,0.0009,3,0.0014,978,-25.3768,975,-24.1376,1,-0.0910,5150,11.9046,,0.0000,0,0.0000,0,0.0000,0,0.0000,0,0.0000,0,0.0000,0,0.0000,0,0.0000,0.000000,0.000000,0.00,0.00
2026-05-30T15:05:14-0300,1780164314,965,-25.0948,983,-25.4938,3,0.0009,3,0.0014,978,-25.3249,975,-24.3555,1,-0.1067,5150,11.9046,,0.0000,0,0.0000,0,0.0000,0,0.0000,0,0.0000,0,0.0000,0,0.0000,0,0.0000,0.000000,0.000000,0.00,0.00
2026-05-30T15:05:14-0300,1780164314,966,-25.0832,983,-25.4415,4,0.0028,3,0.0014,978,-25.3145,976,-24.3974,1,-0.1098,5150,11.9046,,0.0000,0,0.0000,0,0.0000,0,0.0000,0,0.0000,0,0.0000,0,0.0000,0,0.0000,0.000000,0.000000,0.00,0.00
2026-05-30T15:05:15-0300,1780164315,966,-25.0808,983,-25.4311,3,0.0013,3,0.0014,978,-25.3124,975,-24.4075,1,-0.1105,5151,11.9064,,0.0000,0,0.0000,0,0.0000,0,0.0000,0,0.0000,0,0.0000,0,0.0000,0,0.0000,0.000000,0.000000,0.00,0.00
2026-05-30T15:05:15-0300,1780164315,966,-25.0804,983,-25.4290,3,0.0010,4,0.0033,979,-25.3104,976,-24.4078,1,-0.1106,5150,11.9050,,0.0000,0,0.0000,0,0.0000,0,0.0000,0,0.0000,0,0.0000,0,0.0000,0,0.0000,0.000000,0.000000,0.00,0.00
2026-05-30T15:05:15-0300,1780164315,966,-25.0803,983,-25.4286,3,0.0010,3,0.0018,978,-25.3116,975,-24.4095,0,-0.1661,5150,11.9047,,0.0000,0,0.0000,0,0.0000,0,0.0000,0,0.0000,0,0.0000,0,0.0000,0,0.0000,0.000000,0.000000,0.00,0.00
2026-05-30T15:05:15-0300,1780164315,966,-25.0803,983,-25.4285,3,0.0009,3,0.0015,979,-25.3102,975,-24.4099,0,-0.1772,5150,11.9046,,0.0000,0,0.0000,0,0.0000,0,0.0000,0,0.0000,0,0.0000,0,0.0000,0,0.0000,0.000000,0.000000,0.00,0.00
2026-05-30T15:05:15-0300,1780164315,965,-25.0819,983,-25.4285,3,0.0009,2,-0.0004,979,-25.3099,975,-24.4099,1,-0.1239,5150,11.9046,,0.0000,0,0.0000,0,0.0000,0,0.0000,0,0.0000,0,0.0000,0,0.0000,0,0.0000,0.000000,0.000000,0.00,0.00
2026-05-30T15:05:15-0300,1780164315,966,-25.0806,984,-25.4268,3,0.0009,3,0.0010,978,-25.3115,976,-24.4083,0,-0.1688,5150,11.9046,,0.0000,0,0.0000,0,0.0000,0,0.0000,0,0.0000,0,0.0000,0,0.0000,0,0.0000,0.000000,0.000000,0.00,0.00
2026-05-30T15:05:15-0300,1780164315,966,-25.0803,984,-25.4265,3,0.0009,3,0.0013,978,-25.3118,975,-24.4096,0,-0.1777,5150,11.9046,,0.0000,0,0.0000,0,0.0000,0,0.0000,0,0.0000,0,0.0000,0,0.0000,0,0.0000,0.000000,0.000000,0.00,0.00
2026-05-30T15:05:15-0300,1780164315,966,-25.0803,984,-25.4264,3,0.0009,3,0.0014,978,-25.3119,976,-24.4083,0,-0.1795,5150,11.9046,,0.0000,0,0.0000,0,0.0000,0,0.0000,0,0.0000,0,0.0000,0,0.0000,0,0.0000,0.000000,0.000000,0.00,0.00
2026-05-30T15:05:15-0300,1780164315,966,-25.0803,984,-25.4264,3,0.0009,3,0.0014,979,-25.3103,976,-24.4080,0,-0.1799,5150,11.9046,,0.0000,0,0.0000,0,0.0000,0,0.0000,0,0.0000,0,0.0000,0,0.0000,0,0.0000,0.000000,0.000000,0.00,0.00
2026-05-30T15:05:15-0300,1780164315,966,-25.0803,985,-25.4247,3,0.0009,3,0.0014,979,-25.3099,976,-24.4079,1,-0.1245,5150,11.9046,,0.0000,0,0.0000,0,0.0000,0,0.0000,0,0.0000,0,0.0000,0,0.0000,0,0.0000,0.000000,0.000000,0.00,0.00
2026-05-30T15:05:15-0300,1780164315,966,-25.0803,985,-25.4244,3,0.0009,3,0.0014,980,-25.3082,976,-24.4079,1,-0.1134,5150,11.9046,,0.0000,0,0.0000,0,0.0000,0,0.0000,0,0.0000,0,0.0000,0,0.0000,0,0.0000,0.000000,0.000000,0.00,0.00
2026-05-30T15:05:16-0300,1780164316,966,-25.0803,985,-25.4243,3,0.0009,3,0.0014,979,-25.3095,976,-24.4079,1,-0.1112,5150,11.9046,,0.0000,0,0.0000,0,0.0000,0,0.0000,0,0.0000,0,0.0000,0,0.0000,0,0.0000,0.000000,0.000000,0.00,0.00
2026-05-30T15:05:16-0300,1780164316,966,-25.0803,985,-25.4243,3,0.0009,3,0.0014,979,-25.3098,976,-24.4079,0,-0.1662,5151,11.9064,,0.0000,0,0.0000,0,0.0000,0,0.0000,0,0.0000,0,0.0000,0,0.0000,0,0.0000,0.000000,0.000000,0.00,0.00
2026-05-30T15:05:16-0300,1780164316,966,-25.0803,986,-25.4226,3,0.0009,3,0.0014,980,-25.3082,976,-24.4079,1,-0.1217,5151,11.9068,,0.0000,0,0.0000,0,0.0000,0,0.0000,0,0.0000,0,0.0000,0,0.0000,0,0.0000,0.000000,0.000000,0.00,0.00
2026-05-30T15:05:16-0300,1780164316,966,-25.0803,985,-25.4240,3,0.0009,3,0.0014,979,-25.3095,976,-24.4079,1,-0.1128,5150,11.9050,,0.0000,0,0.0000,0,0.0000,0,0.0000,0,0.0000,0,0.0000,0,0.0000,0,0.0000,0.000000,0.000000,0.00,0.00
2026-05-30T15:05:16-0300,1780164316,966,-25.0803,985,-25.4242,3,0.0009,3,0.0014,980,-25.3081,976,-24.4079,1,-0.1111,5150,11.9047,,0.0000,0,0.0000,0,0.0000,0,0.0000,0,0.0000,0,0.0000,0,0.0000,0,0.0000,0.000000,0.000000,0.00,0.00
2026-05-30T15:05:16-0300,1780164316,967,-25.0786,985,-25.4243,3,0.0009,3,0.0014,979,-25.3095,976,-24.4079,1,-0.1107,5150,11.9046,,0.0000,0,0.0000,0,0.0000,0,0.0000,0,0.0000,0,0.0000,0,0.0000,0,0.0000,0.000000,0.000000,0.00,0.00
2026-05-30T15:05:16-0300,1780164316,966,-25.0799,986,-25.4226,3,0.0009,3,0.0014,979,-25.3098,976,-24.4079,0,-0.1661,5150,11.9046,,0.0000,0,0.0000,0,0.0000,0,0.0000,0,0.0000,0,0.0000,0,0.0000,0,0.0000,0.000000,0.000000,0.00,0.00
2026-05-30T15:05:16-0300,1780164316,967,-25.0785,986,-25.4223,3,0.0009,3,0.0014,980,-25.3082,976,-24.4079,1,-0.1217,5150,11.9046,,0.0000,0,0.0000,0,0.0000,0,0.0000,0,0.0000,0,0.0000,0,0.0000,0,0.0000,0.000000,0.000000,0.00,0.00
2026-05-30T15:05:16-0300,1780164316,966,-25.0799,986,-25.4222,4,0.0028,3,0.0014,980,-25.3079,976,-24.4079,1,-0.1128,5150,11.9046,,0.0000,0,0.0000,0,0.0000,0,0.0000,0,0.0000,0,0.0000,0,0.0000,0,0.0000,0.000000,0.000000,0.00,0.00
2026-05-30T15:05:16-0300,1780164316,966,-25.0802,986,-25.4222,2,-0.0005,3,0.0014,979,-25.3095,976,-24.4079,1,-0.1111,5150,11.9046,,0.0000,0,0.0000,0,0.0000,0,0.0000,0,0.0000,0,0.0000,0,0.0000,0,0.0000,0.000000,0.000000,0.00,0.00
2026-05-30T15:05:16-0300,1780164316,967,-25.0786,985,-25.4239,3,0.0006,2,-0.0004,980,-25.3081,976,-24.4079,1,-0.1107,5150,11.9046,,0.0000,0,0.0000,0,0.0000,0,0.0000,0,0.0000,0,0.0000,0,0.0000,0,0.0000,0.000000,0.000000,0.00,0.00
2026-05-30T15:05:16-0300,1780164316,966,-25.0799,985,-25.4242,3,0.0009,4,0.0029,980,-25.3079,977,-24.4063,1,-0.1106,5150,11.9046,,0.0000,0,0.0000,0,0.0000,0,0.0000,0,0.0000,0,0.0000,0,0.0000,0,0.0000,0.000000,0.000000,0.00,0.00
2026-05-30T15:05:16-0300,1780164316,967,-25.0785,986,-25.4226,3,0.0009,4,0.0036,980,-25.3078,976,-24.4076,1,-0.1106,5150,11.9046,,0.0000,0,0.0000,0,0.0000,0,0.0000,0,0.0000,0,0.0000,0,0.0000,0,0.0000,0.000000,0.000000,0.00,0.00
2026-05-30T15:05:16-0300,1780164316,967,-25.0783,986,-25.4223,4,0.0028,3,0.0018,980,-25.3078,976,-24.4079,1,-0.1106,5151,11.9064,,0.0000,0,0.0000,0,0.0000,0,0.0000,0,0.0000,0,0.0000,0,0.0000,0,0.0000,0.000000,0.000000,0.00,0.00
2026-05-30T15:05:17-0300,1780164317,966,-25.0799,986,-25.4222,4,0.0032,3,0.0015,980,-25.3078,976,-24.4079,1,-0.1106,5150,11.9050,,0.0000,0,0.0000,0,0.0000,0,0.0000,0,0.0000,0,0.0000,0,0.0000,0,0.0000,0.000000,0.000000,0.00,0.00
2026-05-30T15:05:17-0300,1780164317,967,-25.0785,986,-25.4222,3,0.0014,3,0.0014,979,-25.3094,977,-24.4063,1,-0.1106,5150,11.9047,,0.0000,0,0.0000,0,0.0000,0,0.0000,0,0.0000,0,0.0000,0,0.0000,0,0.0000,0.000000,0.000000,0.00,0.00
2026-05-30T15:05:17-0300,1780164317,966,-25.0799,985,-25.4239,3,0.0010,3,0.0014,979,-25.3098,977,-24.4060,1,-0.1106,5150,11.9046,,0.0000,0,0.0000,0,0.0000,0,0.0000,0,0.0000,0,0.0000,0,0.0000,0,0.0000,0.000000,0.000000,0.00,0.00
2026-05-30T15:05:17-0300,1780164317,967,-25.0785,986,-25.4225,3,0.0010,3,0.0014,980,-25.3082,976,-24.4075,0,-0.1661,5150,11.9046,,0.0000,0,0.0000,0,0.0000,0,0.0000,0,0.0000,0,0.0000,0,0.0000,0,0.0000,0.000000,0.000000,0.00,0.00
2026-05-30T15:05:17-0300,1780164317,966,-25.0799,986,-25.4223,3,0.0009,3,0.0014,980,-25.3079,977,-24.4062,1,-0.1217,5150,11.9046,,0.0000,0,0.0000,0,0.0000,0,0.0000,0,0.0000,0,0.0000,0,0.0000,0,0.0000,0.000000,0.000000,0.00,0.00
2026-05-30T15:05:17-0300,1780164317,967,-25.0785,986,-25.4222,3,0.0009,3,0.0014,980,-25.3078,976,-24.4076,0,-0.1683,5150,11.9046,,0.0000,0,0.0000,0,0.0000,0,0.0000,0,0.0000,0,0.0000,0,0.0000,0,0.0000,0.000000,0.000000,0.00,0.00
2026-05-30T15:05:17-0300,1780164317,966,-25.0799,986,-25.4222,3,0.0009,3,0.0014,979,-25.3094,976,-24.4079,2,-0.0667,5150,11.9046,,0.0000,0,0.0000,0,0.0000,0,0.0000,0,0.0000,0,0.0000,0,0.0000,0,0.0000,0.000000,0.000000,0.00,0.00
2026-05-30T15:05:17-0300,1780164317,966,-25.0802,986,-25.4222,3,0.0009,3,0.0014,980,-25.3081,977,-24.4063,1,-0.1018,5150,11.9046,,0.0000,0,0.0000,0,0.0000,0,0.0000,0,0.0000,0,0.0000,0,0.0000,0,0.0000,0.000000,0.000000,0.00,0.00
2026-05-30T15:05:17-0300,1780164317,967,-25.0786,986,-25.4222,3,0.0009,3,0.0014,981,-25.3062,977,-24.4060,1,-0.1089,5150,11.9046,,0.0000,0,0.0000,0,0.0000,0,0.0000,0,0.0000,0,0.0000,0,0.0000,0,0.0000,0.000000,0.000000,0.00,0.00
2026-05-30T15:05:17-0300,1780164317,967,-25.0783,986,-25.4222,3,0.0009,3,0.0014,980,-25.3075,977,-24.4059,1,-0.1103,5150,11.9046,,0.0000,0,0.0000,0,0.0000,0,0.0000,0,0.0000,0,0.0000,0,0.0000,0,0.0000,0.000000,0.000000,0.00,0.00
2026-05-30T15:05:17-0300,1780164317,966,-25.0799,986,-25.4222,3,0.0009,3,0.0014,980,-25.3077,976,-24.4075,1,-0.1105,5150,11.9046,,0.0000,0,0.0000,0,0.0000,0,0.0000,0,0.0000,0,0.0000,0,0.0000,0,0.0000,0.000000,0.000000,0.00,0.00
2026-05-30T15:05:17-0300,1780164317,967,-25.0785,987,-25.4206,3,0.0009,2,-0.0004,980,-25.3078,977,-24.4062,1,-0.1106,5150,11.9046,,0.0000,0,0.0000,0,0.0000,0,0.0000,0,0.0000,0,0.0000,0,0.0000,0,0.0000,0.000000,0.000000,0.00,0.00
2026-05-30T15:05:17-0300,1780164317,967,-25.0783,987,-25.4202,3,0.0009,3,0.0010,980,-25.3078,977,-24.4060,0,-0.1661,5150,11.9046,,0.0000,0,0.0000,0,0.0000,0,0.0000,0,0.0000,0,0.0000,0,0.0000,0,0.0000,0.000000,0.000000,0.00,0.00
2026-05-30T15:05:18-0300,1780164318,966,-25.0799,987,-25.4202,3,0.0009,3,0.0013,981,-25.3061,1,-25.9858,5151,285.5904,5150,11.9046,,100.0000,0,0.0000,0,0.0000,0,0.0000,0,0.0000,0,0.0000,0,0.0000,0,0.0000,0.000000,0.000000,0.00,0.00
2026-05-30T15:05:18-0300,1780164318,967,-25.0785,987,-25.4201,3,0.0009,3,0.0014,981,-25.3058,977,-24.7219,1,57.0296,5150,11.9046,,38.0197,0,0.0000,0,0.0000,0,0.0000,0,0.0000,0,0.0000,0,0.0000,0,0.0000,0.000000,0.000000,0.00,0.00
2026-05-30T15:05:18-0300,1780164318,966,-25.0799,986,-25.4218,3,0.0009,3,0.0014,980,-25.3074,977,-24.4691,1,11.3174,5150,11.9046,,7.5450,0,0.0000,0,0.0000,0,0.0000,0,0.0000,0,0.0000,0,0.0000,0,0.0000,0.000000,0.000000,0.00,0.00
2026-05-30T15:05:18-0300,1780164318,966,-25.0802,987,-25.4205,3,0.0009,3,0.0014,981,-25.3061,977,-24.4185,1,2.1750,5150,11.9046,,1.4500,0,0.0000,0,0.0000,0,0.0000,0,0.0000,0,0.0000,0,0.0000,0,0.0000,0.000000,0.000000,0.00,0.00
2026-05-30T15:05:18-0300,1780164318,966,-25.0802,986,-25.4219,3,0.0009,3,0.0014,980,-25.3074,977,-24.4084,1,0.3465,5150,11.9046,,0.2310,0,0.0000,0,0.0000,0,0.0000,0,0.0000,0,0.0000,0,0.0000,0,0.0000,0.000000,0.000000,0.00,0.00
2026-05-30T15:05:18-0300,1780164318,967,-25.0786,987,-25.4205,3,0.0009,3,0.0014,980,-25.3077,977,-24.4064,1,-0.0192,5150,11.9046,,0.0000,0,0.0000,0,0.0000,0,0.0000,0,0.0000,0,0.0000,0,0.0000,0,0.0000,0.000000,0.000000,0.00,0.00
2026-05-30T15:05:18-0300,1780164318,967,-25.0783,987,-25.4202,3,0.0009,3,0.0014,981,-25.3061,976,-24.4076,0,-0.1478,5151,11.9064,,0.0000,0,0.0000,0,0.0000,0,0.0000,0,0.0000,0,0.0000,0,0.0000,0,0.0000,0.000000,0.000000,0.00,0.00
2026-05-30T15:05:18-0300,1780164318,967,-25.0782,987,-25.4202,3,0.0009,3,0.0014,981,-25.3058,977,-24.4063,1,-0.1180,5150,11.9050,,0.0000,0,0.0000,0,0.0000,0,0.0000,0,0.0000,0,0.0000,0,0.0000,0,0.0000,0.000000,0.000000,0.00,0.00
2026-05-30T15:05:18-0300,1780164318,967,-25.0782,986,-25.4218,3,0.0009,3,0.0014,981,-25.3057,977,-24.4060,1,-0.1121,5150,11.9047,,0.0000,0,0.0000,0,0.0000,0,0.0000,0,0.0000,0,0.0000,0,0.0000,0,0.0000,0.000000,0.000000,0.00,0.00
2026-05-30T15:05:18-0300,1780164318,967,-25.0782,987,-25.4205,4,0.0028,2,-0.0004,981,-25.3057,977,-24.4059,1,-0.1109,5149,11.9028,,0.0000,0,0.0000,0,0.0000,0,0.0000,0,0.0000,0,0.0000,0,0.0000,0,0.0000,0.000000,0.000000,0.00,0.00
2026-05-30T15:05:18-0300,1780164318,967,-25.0782,987,-25.4202,3,0.0013,3,0.0010,981,-25.3057,977,-24.4059,1,-0.1107,5151,11.9061,,0.0000,0,0.0000,0,0.0000,0,0.0000,0,0.0000,0,0.0000,0,0.0000,0,0.0000,0.000000,0.000000,0.00,0.00
2026-05-30T15:05:18-0300,1780164318,967,-25.0782,987,-25.4202,3,0.0010,3,0.0013,980,-25.3074,977,-24.4059,1,-0.1106,5150,11.9049,,0.0000,0,0.0000,0,0.0000,0,0.0000,0,0.0000,0,0.0000,0,0.0000,0,0.0000,0.000000,0.000000,0.00,0.00
2026-05-30T15:05:18-0300,1780164318,967,-25.0782,987,-25.4201,3,0.0010,3,0.0014,981,-25.3061,977,-24.4059,1,-0.1106,5151,11.9065,,0.0000,0,0.0000,0,0.0000,0,0.0000,0,0.0000,0,0.0000,0,0.0000,0,0.0000,0.000000,0.000000,0.00,0.00
2026-05-30T15:05:18-0300,1780164318,966,-25.0798,988,-25.4185,3,0.0009,3,0.0014,980,-25.3074,977,-24.4059,1,-0.1106,5151,11.9068,,0.0000,0,0.0000,0,0.0000,0,0.0000,0,0.0000,0,0.0000,0,0.0000,0,0.0000,0.000000,0.000000,0.00,0.00
2026-05-30T15:05:19-0300,1780164319,967,-25.0785,987,-25.4198,3,0.0009,3,0.0014,981,-25.3061,977,-24.4059,1,-0.1106,5150,11.9050,,0.0000,0,0.0000,0,0.0000,0,0.0000,0,0.0000,0,0.0000,0,0.0000,0,0.0000,0.000000,0.000000,0.00,0.00
2026-05-30T15:05:19-0300,1780164319,966,-25.0799,987,-25.4201,3,0.0009,3,0.0014,981,-25.3058,978,-24.4043,0,-0.1661,5150,11.9047,,0.0000,0,0.0000,0,0.0000,0,0.0000,0,0.0000,0,0.0000,0,0.0000,0,0.0000,0.000000,0.000000,0.00,0.00
2026-05-30T15:05:19-0300,1780164319,967,-25.0785,987,-25.4201,3,0.0009,3,0.0014,981,-25.3057,977,-24.4056,0,-0.1772,5150,11.9046,,0.0000,0,0.0000,0,0.0000,0,0.0000,0,0.0000,0,0.0000,0,0.0000,0,0.0000,0.000000,0.000000,0.00,0.00
2026-05-30T15:05:19-0300,1780164319,967,-25.0783,988,-25.4185,3,0.0009,3,0.0014,981,-25.3057,977,-24.4058,1,-0.1239,5151,11.9064,,0.0000,0,0.0000,0,0.0000,0,0.0000,0,0.0000,0,0.0000,0,0.0000,0,0.0000,0.000000,0.000000,0.00,0.00
2026-05-30T15:05:19-0300,1780164319,967,-25.0782,988,-25.4181,3,0.0009,3,0.0014,980,-25.3074,978,-24.4043,0,-0.1688,5150,11.9050,,0.0000,0,0.0000,0,0.0000,0,0.0000,0,0.0000,0,0.0000,0,0.0000,0,0.0000,0.000000,0.000000,0.00,0.00
2026-05-30T15:05:19-0300,1780164319,967,-25.0782,987,-25.4197,3,0.0009,3,0.0014,981,-25.3061,977,-24.4056,0,-0.1777,5151,11.9065,,0.0000,0,0.0000,0,0.0000,0,0.0000,0,0.0000,0,0.0000,0,0.0000,0,0.0000,0.000000,0.000000,0.00,0.00
2026-05-30T15:05:19-0300,1780164319,968,-25.0765,987,-25.4201,3,0.0009,3,0.0014,981,-25.3058,978,-24.4042,0,-0.1795,5150,11.9050,,0.0000,0,0.0000,0,0.0000,0,0.0000,0,0.0000,0,0.0000,0,0.0000,0,0.0000,0.000000,0.000000,0.00,0.00
2026-05-30T15:05:19-0300,1780164319,967,-25.0779,987,-25.4201,3,0.0009,4,0.0033,981,-25.3057,977,-24.4056,1,-0.1244,5151,11.9065,,0.0000,0,0.0000,0,0.0000,0,0.0000,0,0.0000,0,0.0000,0,0.0000,0,0.0000,0.000000,0.000000,0.00,0.00
2026-05-30T15:05:20-0300,1780164320,968,-25.0765,988,-25.4185,3,0.0009,3,0.0018,981,-25.3057,977,-24.4058,0,-0.1688,5151,11.9068,,0.0000,0,0.0000,0,0.0000,0,0.0000,0,0.0000,0,0.0000,0,0.0000,0,0.0000,0.000000,0.000000,0.00,0.00
2026-05-30T15:05:20-0300,1780164320,967,-25.0778,989,-25.4165,3,0.0009,3,0.0015,981,-25.3057,978,-24.4043,0,-0.1777,5150,11.9050,,0.0000,0,0.0000,0,0.0000,0,0.0000,0,0.0000,0,0.0000,0,0.0000,0,0.0000,0.000000,0.000000,0.00,0.00
2026-05-30T15:05:20-0300,1780164320,967,-25.0781,989,-25.4161,2,-0.0009,2,-0.0004,981,-25.3057,978,-24.4040,1,-0.1240,5150,11.9047,,0.0000,0,0.0000,0,0.0000,0,0.0000,0,0.0000,0,0.0000,0,0.0000,0,0.0000,0.000000,0.000000,0.00,0.00
2026-05-30T15:05:20-0300,1780164320,967,-25.0782,989,-25.4160,967,1.7833,3,0.0010,982,-25.3041,978,-24.4039,982,54.3107,5151,11.9065,,36.2071,0,0.0000,0,0.0000,0,0.0000,0,0.0000,0,0.0000,0,0.0000,0,0.0000,0.000000,0.000000,0.00,0.00
2026-05-30T15:05:20-0300,1780164320,967,-25.0782,17379,1.8335,3,0.3574,989,1.8255,982,-25.3038,978,-24.4039,981,65.1422,978,4.1863,,43.4281,0,0.0000,0,0.0000,0,0.0000,0,0.0000,0,0.0000,0,0.0000,0,0.0000,0.000000,0.000000,0.00,0.00
2026-05-30T15:05:20-0300,1780164320,967,-25.0782,988,-19.9677,967,1.8549,988,2.1886,981,-25.3053,978,-24.4039,1,12.9399,978,2.6422,,8.6266,0,0.0000,0,0.0000,0,0.0000,0,0.0000,0,0.0000,0,0.0000,0,0.0000,0.000000,0.000000,0.00,0.00
2026-05-30T15:05:20-0300,1780164320,967,-25.0782,988,-24.3280,3,0.3717,988,2.2612,982,-25.3040,978,-24.4039,981,56.8680,977,2.3316,,37.9120,0,0.0000,0,0.0000,0,0.0000,0,0.0000,0,0.0000,0,0.0000,0,0.0000,0.000000,0.000000,0.00,0.00
2026-05-30T15:05:20-0300,1780164320,968,-25.0765,967,-25.2350,3,0.0751,2,0.4515,981,-25.3054,981,-24.3990,977,65.4317,5150,9.9900,,43.6211,0,0.0000,0,0.0000,0,0.0000,0,0.0000,0,0.0000,0,0.0000,0,0.0000,0.000000,0.000000,0.00,0.00
2026-05-30T15:05:20-0300,1780164320,967,-25.0779,967,-25.4164,3,0.0158,2,0.0896,981,-25.3057,978,-24.4029,1,12.9979,5150,11.5217,,8.6652,0,0.0000,0,0.0000,0,0.0000,0,0.0000,0,0.0000,0,0.0000,0,0.0000,0.000000,0.000000,0.00,0.00
2026-05-30T15:05:20-0300,1780164320,966,-25.0798,988,-25.4177,3,0.0039,3,0.0190,981,-25.3057,978,-24.4037,1,2.5111,5150,11.8280,,1.6741,0,0.0000,0,0.0000,0,0.0000,0,0.0000,0,0.0000,0,0.0000,0,0.0000,0.000000,0.000000,0.00,0.00
2026-05-30T15:05:20-0300,1780164320,968,-25.0769,988,-25.4180,4,0.0034,3,0.0049,980,-25.3074,977,-24.4055,1,0.4137,5150,11.8893,,0.2758,0,0.0000,0,0.0000,0,0.0000,0,0.0000,0,0.0000,0,0.0000,0,0.0000,0.000000,0.000000,0.00,0.00
2026-05-30T15:05:21-0300,1780164321,967,-25.0779,988,-25.4180,3,0.0014,3,0.0021,980,-25.3077,978,-24.4042,0,-0.0612,5150,11.9015,,0.0000,0,0.0000,0,0.0000,0,0.0000,0,0.0000,0,0.0000,0,0.0000,0,0.0000,0.000000,0.000000,0.00,0.00
2026-05-30T15:05:21-0300,1780164321,968,-25.0765,988,-25.4181,3,0.0010,3,0.0015,980,-25.3078,978,-24.4040,0,-0.1562,5150,11.9040,,0.0000,0,0.0000,0,0.0000,0,0.0000,0,0.0000,0,0.0000,0,0.0000,0,0.0000,0.000000,0.000000,0.00,0.00
2026-05-30T15:05:21-0300,1780164321,967,-25.0779,988,-25.4181,3,0.0010,3,0.0014,980,-25.3078,977,-24.4055,0,-0.1752,5150,11.9045,,0.0000,0,0.0000,0,0.0000,0,0.0000,0,0.0000,0,0.0000,0,0.0000,0,0.0000,0.000000,0.000000,0.00,0.00
2026-05-30T15:05:21-0300,1780164321,967,-25.0781,988,-25.4181,3,0.0009,3,0.0014,981,-25.3061,978,-24.4042,1,-0.1235,5150,11.9046,,0.0000,0,0.0000,0,0.0000,0,0.0000,0,0.0000,0,0.0000,0,0.0000,0,0.0000,0.000000,0.000000,0.00,0.00
2026-05-30T15:05:21-0300,1780164321,968,-25.0765,988,-25.4181,3,0.0009,3,0.0014,980,-25.3075,978,-24.4040,1,-0.1132,5149,11.9027,,0.0000,0,0.0000,0,0.0000,0,0.0000,0,0.0000,0,0.0000,0,0.0000,0,0.0000,0.000000,0.000000,0.00,0.00
2026-05-30T15:05:21-0300,1780164321,968,-25.0762,968,-25.4513,3,0.0009,3,0.0014,981,-25.3061,981,-24.3990,1,-0.1111,1,2.3780,,0.0000,0,0.0000,0,0.0000,0,0.0000,0,0.0000,0,0.0000,0,0.0000,0,0.0000,0.000000,0.000000,0.00,0.00
2026-05-30T15:05:21-0300,1780164321,968,-25.0761,967,-25.4596,3,0.0009,3,0.0014,981,-25.3058,981,-24.3981,1,-0.1107,1,0.4730,,0.0000,0,0.0000,0,0.0000,0,0.0000,0,0.0000,0,0.0000,0,0.0000,0,0.0000,0.000000,0.000000,0.00,0.00
2026-05-30T15:05:21-0300,1780164321,17379,1.9656,989,-25.4247,3,0.0009,3,0.0014,980,-25.3074,978,-24.4027,0,-0.1661,5150,9.6183,,0.0000,0,0.0000,0,0.0000,0,0.0000,0,0.0000,0,0.0000,0,0.0000,0,0.0000,0.000000,0.000000,0.00,0.00
2026-05-30T15:05:21-0300,1780164321,17379,7.3739,989,-25.4177,988,1.8225,3,0.0014,981,-25.3061,980,-24.4004,1,-0.1217,1,1.9211,,0.0000,0,0.0000,0,0.0000,0,0.0000,0,0.0000,0,0.0000,0,0.0000,0,0.0000,0.000000,0.000000,0.00,0.00
2026-05-30T15:05:21-0300,1780164321,967,-18.5878,988,-25.4180,4,0.3671,4,0.0033,981,-25.3058,978,-24.4032,0,-0.1683,5150,9.9079,,0.0000,0,0.0000,0,0.0000,0,0.0000,0,0.0000,0,0.0000,0,0.0000,0,0.0000,0.000000,0.000000,0.00,0.00
2026-05-30T15:05:21-0300,1780164321,967,-23.7801,17379,1.8331,3,0.0742,3,0.0018,981,-25.3057,978,-24.4037,980,54.1909,978,3.7866,,36.1273,0,0.0000,0,0.0000,0,0.0000,0,0.0000,0,0.0000,0,0.0000,0,0.0000,0.000000,0.000000,0.00,0.00
2026-05-30T15:05:21-0300,1780164321,967,-24.8186,17379,7.2833,2,0.0137,988,1.8238,980,-25.3074,978,-24.4039,1,10.7497,5150,10.2810,,7.1665,0,0.0000,0,0.0000,0,0.0000,0,0.0000,0,0.0000,0,0.0000,0,0.0000,0.000000,0.000000,0.00,0.00
2026-05-30T15:05:21-0300,1780164321,968,-25.0246,17379,8.3734,2,0.0016,3,0.3659,980,-25.3077,979,-24.4023,980,56.3745,5150,11.5799,,37.5830,0,0.0000,0,0.0000,0,0.0000,0,0.0000,0,0.0000,0,0.0000,0,0.0000,0.000000,0.000000,0.00,0.00
2026-05-30T15:05:22-0300,1780164322,967,-25.0675,17379,8.5914,3,0.0011,3,0.0743,979,-25.3094,978,-24.4036,1,11.1864,5150,11.8396,,7.4576,0,0.0000,0,0.0000,0,0.0000,0,0.0000,0,0.0000,0,0.0000,0,0.0000,0.000000,0.000000,0.00,0.00
2026-05-30T15:05:22-0300,1780164322,967,-25.0760,988,-18.6162,967,1.7837,2,0.0141,980,-25.3081,17379,2.1443,0,2.0933,978,4.1729,,1.3955,0,0.0000,0,0.0000,0,0.0000,0,0.0000,0,0.0000,0,0.0000,0,0.0000,0.000000,0.000000,0.00,0.00
2026-05-30T15:05:22-0300,1780164322,966,-25.0794,967,-24.0926,987,2.1772,3,0.0040,980,-25.3079,979,-19.0926,978,54.5323,5150,10.3583,,36.3548,0,0.0000,0,0.0000,0,0.0000,0,0.0000,0,0.0000,0,0.0000,0,0.0000,0.000000,0.000000,0.00,0.00
2026-05-30T15:05:22-0300,1780164322,17379,1.9649,988,-25.1530,987,2.2559,3,0.0019,980,-25.3078,978,-23.3416,978,65.0200,5151,11.5972,,43.3467,0,0.0000,0,0.0000,0,0.0000,0,0.0000,0,0.0000,0,0.0000,0,0.0000,0.000000,0.000000,0.00,0.00
2026-05-30T15:05:22-0300,1780164322,17379,7.3738,987,-25.3667,3,0.4519,3,0.0015,980,-25.3078,979,-24.1898,977,67.0621,5150,11.8431,,44.7081,0,0.0000,0,0.0000,0,0.0000,0,0.0000,0,0.0000,0,0.0000,0,0.0000,0.000000,0.000000,0.00,0.00
2026-05-30T15:05:22-0300,1780164322,968,-18.5861,967,-25.4427,987,1.9108,3,0.0014,17379,1.7070,978,-24.3611,977,67.4705,5150,11.8923,,44.9804,0,0.0000,0,0.0000,0,0.0000,0,0.0000,0,0.0000,0,0.0000,0,0.0000,0.000000,0.000000,0.00,0.00
2026-05-30T15:05:22-0300,1780164322,967,-23.7798,987,-25.4247,987,2.2026,3,0.0014,980,-19.9048,21475,8.7829,1,13.4056,5151,11.9040,,8.9371,0,0.0000,0,0.0000,0,0.0000,0,0.0000,0,0.0000,0,0.0000,0,0.0000,0.000000,0.000000,0.00,0.00
2026-05-30T15:05:22-0300,1780164322,967,-24.8185,988,-25.4194,3,0.4413,3,0.0014,980,-24.2272,979,-17.7649,977,56.7392,5150,11.9045,,37.8262,0,0.0000,0,0.0000,0,0.0000,0,0.0000,0,0.0000,0,0.0000,0,0.0000,0.000000,0.000000,0.00,0.00
2026-05-30T15:05:22-0300,1780164322,967,-25.0263,987,-25.4200,987,1.9087,2,-0.0004,17379,1.9231,977,-23.0777,977,65.4060,0,2.3765,,43.6040,0,0.0000,0,0.0000,0,0.0000,0,0.0000,0,0.0000,0,0.0000,0,0.0000,0.000000,0.000000,0.00,0.00
2026-05-30T15:05:22-0300,1780164322,17379,1.9756,987,-25.4201,3,0.3825,3,0.0010,980,-19.8616,979,-24.1370,1,12.9927,1,0.4727,,8.6618,0,0.0000,0,0.0000,0,0.0000,0,0.0000,0,0.0000,0,0.0000,0,0.0000,0.000000,0.000000,0.00,0.00
2026-05-30T15:05:22-0300,1780164322,967,-19.6674,987,-25.4201,986,1.8951,3,0.0013,979,-24.2202,979,-24.3489,977,56.6567,1,0.0920,,37.7711,0,0.0000,0,0.0000,0,0.0000,0,0.0000,0,0.0000,0,0.0000,0,0.0000,0.000000,0.000000,0.00,0.00
2026-05-30T15:05:22-0300,1780164322,967,-23.9960,987,-25.4201,986,2.1976,3,0.0014,979,-25.0919,977,-24.3945,1,11.2428,0,0.0140,,7.4952,0,0.0000,0,0.0000,0,0.0000,0,0.0000,0,0.0000,0,0.0000,0,0.0000,0.000000,0.000000,0.00,0.00
2026-05-30T15:05:22-0300,1780164322,17379,2.1816,986,-25.4218,987,2.2599,3,0.0014,979,-25.2663,979,-24.4004,1,2.1601,5150,9.5265,,1.4401,0,0.0000,0,0.0000,0,0.0000,0,0.0000,0,0.0000,0,0.0000,0,0.0000,0.000000,0.000000,0.00,0.00
2026-05-30T15:05:23-0300,1780164323,968,-19.6246,987,-25.4205,3,0.4527,3,0.0014,979,-25.3011,978,-24.4032,1,0.3435,2,1.9046,,0.2290,0,0.0000,0,0.0000,0,0.0000,0,0.0000,0,0.0000,0,0.0000,0,0.0000,0.000000,0.000000,0.00,0.00
2026-05-30T15:05:23-0300,1780164323,967,-23.9875,987,-25.4202,986,1.9091,3,0.0014,979,-25.3081,978,-24.4037,1,-0.0198,1,0.3783,,0.0000,0,0.0000,0,0.0000,0,0.0000,0,0.0000,0,0.0000,0,0.0000,0,0.0000,0.000000,0.000000,0.00,0.00
2026-05-30T15:05:23-0300,1780164323,967,-24.8600,967,-25.4534,3,0.3826,3,0.0014,980,-25.3079,977,-24.4055,977,54.0542,1,0.0731,,36.0361,0,0.0000,0,0.0000,0,0.0000,0,0.0000,0,0.0000,0,0.0000,0,0.0000,0.000000,0.000000,0.00,0.00
2026-05-30T15:05:23-0300,1780164323,967,-25.0346,987,-25.4268,3,0.0773,3,0.0014,979,-25.3094,979,-24.4026,1,10.7223,1,0.0120,,7.1482,0,0.0000,0,0.0000,0,0.0000,0,0.0000,0,0.0000,0,0.0000,0,0.0000,0.000000,0.000000,0.00,0.00
2026-05-30T15:05:23-0300,1780164323,967,-25.0695,967,-25.4547,3,0.0162,3,0.0014,979,-25.3098,977,-24.4052,0,2.0005,0,-0.0020,,1.3337,0,0.0000,0,0.0000,0,0.0000,0,0.0000,0,0.0000,0,0.0000,0,0.0000,0.000000,0.000000,0.00,0.00
2026-05-30T15:05:23-0300,1780164323,967,-25.0764,967,-25.4603,987,1.8237,2,-0.0004,17379,1.7066,978,-24.4042,978,54.5137,5150,9.5233,,36.3425,0,0.0000,0,0.0000,0,0.0000,0,0.0000,0,0.0000,0,0.0000,0,0.0000,0.000000,0.000000,0.00,0.00
2026-05-30T15:05:23-0300,1780164323,968,-25.0762,986,-25.4298,3,0.3655,3,0.0010,979,-19.9066,978,-24.4039,0,10.7588,5150,11.4283,,7.1725,0,0.0000,0,0.0000,0,0.0000,0,0.0000,0,0.0000,0,0.0000,0,0.0000,0.000000,0.000000,0.00,0.00
2026-05-30T15:05:23-0300,1780164323,3,-26.6663,986,-25.4237,3,0.0738,2,-0.0005,980,-24.2275,977,-24.4055,0,2.0078,5151,11.8112,,1.3385,0,0.0000,0,0.0000,0,0.0000,0,0.0000,0,0.0000,0,0.0000,0,0.0000,0.000000,0.000000,0.00,0.00
2026-05-30T15:05:23-0300,1780164323,967,-25.3958,987,-25.4209,3,0.0155,3,0.0010,1,-26.7045,5150,-17.6510,1,0.3131,5151,11.8878,,0.2087,0,0.0000,0,0.0000,0,0.0000,0,0.0000,0,0.0000,0,0.0000,0,0.0000,0.000000,0.000000,0.00,0.00
2026-05-30T15:05:23-0300,1780164323,3,-26.7302,986,-25.4219,3,0.0039,3,0.0013,1,-27.1999,979,-23.0517,976,54.0652,5150,11.9012,,36.0435,0,0.0000,0,0.0000,0,0.0000,0,0.0000,0,0.0000,0,0.0000,0,0.0000,0.000000,0.000000,0.00,0.00
2026-05-30T15:05:23-0300,1780164323,967,-25.4086,967,-25.4537,3,0.0015,3,0.0014,979,-25.6879,979,-24.1318,976,64.8157,5150,11.9039,,43.2105,0,0.0000,0,0.0000,0,0.0000,0,0.0000,0,0.0000,0,0.0000,0,0.0000,0.000000,0.000000,0.00,0.00
2026-05-30T15:05:23-0300,1780164323,968,-25.1426,967,-25.4601,3,0.0011,3,0.0014,979,-25.3854,976,-24.3527,976,66.9658,0,2.3764,,44.6438,0,0.0000,0,0.0000,0,0.0000,0,0.0000,0,0.0000,0,0.0000,0,0.0000,0.000000,0.000000,0.00,0.00
2026-05-30T15:05:23-0300,1780164323,967,-25.0911,967,-25.4614,986,1.8188,2,-0.0004,979,-25.3250,979,-24.3920,0,13.2492,5150,9.9989,,8.8328,0,0.0000,0,0.0000,0,0.0000,0,0.0000,0,0.0000,0,0.0000,0,0.0000,0.000000,0.000000,0.00,0.00
2026-05-30T15:05:24-0300,1780164324,967,-25.0808,967,-25.4616,986,2.1823,3,0.0010,979,-25.3129,979,-24.3999,1,2.5613,1,1.9972,,1.7076,0,0.0000,0,0.0000,0,0.0000,0,0.0000,0,0.0000,0,0.0000,0,0.0000,0.000000,0.000000,0.00,0.00
2026-05-30T15:05:24-0300,1780164324,967,-25.0787,986,-25.4301,986,2.2550,2,-0.0005,17379,1.7060,978,-24.4031,977,54.5704,5151,9.9250,,36.3803,0,0.0000,0,0.0000,0,0.0000,0,0.0000,0,0.0000,0,0.0000,0,0.0000,0.000000,0.000000,0.00,0.00
2026-05-30T15:05:24-0300,1780164324,968,-25.0766,967,-25.4554,3,0.4518,3,0.0010,979,-19.9067,979,-24.4021,977,64.9722,5151,11.5105,,43.3148,0,0.0000,0,0.0000,0,0.0000,0,0.0000,0,0.0000,0,0.0000,0,0.0000,0.000000,0.000000,0.00,0.00
2026-05-30T15:05:24-0300,1780164324,17379,1.9655,986,-25.4288,986,1.9089,3,0.0013,978,-24.2309,977,-24.4052,0,12.8505,1,2.2995,,8.5670,0,0.0000,0,0.0000,0,0.0000,0,0.0000,0,0.0000,0,0.0000,0,0.0000,0.000000,0.000000,0.00,0.00
2026-05-30T15:05:24-0300,1780164324,967,-19.6695,986,-25.4235,3,0.3825,3,0.0014,978,-25.0957,977,-24.4058,977,56.6282,1,0.4573,,37.7521,0,0.0000,0,0.0000,0,0.0000,0,0.0000,0,0.0000,0,0.0000,0,0.0000,0.000000,0.000000,0.00,0.00
2026-05-30T15:05:24-0300,1780164324,17379,3.0469,987,-25.4208,986,1.8951,3,0.0014,979,-25.2670,979,-24.4026,977,65.3838,1,0.0889,,43.5892,0,0.0000,0,0.0000,0,0.0000,0,0.0000,0,0.0000,0,0.0000,0,0.0000,0.000000,0.000000,0.00,0.00
2026-05-30T15:05:24-0300,1780164324,967,-19.4532,986,-25.4219,967,2.1625,986,1.8201,978,-25.3029,17379,2.1445,0,12.9328,5151,9.5433,,8.6219,0,0.0000,0,0.0000,0,0.0000,0,0.0000,0,0.0000,0,0.0000,0,0.0000,0.000000,0.000000,0.00,0.00
2026-05-30T15:05:24-0300,1780164324,967,-23.9532,17379,1.8323,3,0.4332,986,2.1838,978,-25.3101,17379,7.4539,2,2.5535,977,3.7118,,1.7024,0,0.0000,0,0.0000,0,0.0000,0,0.0000,0,0.0000,0,0.0000,0,0.0000,0.000000,0.000000,0.00,0.00
2026-05-30T15:05:24-0300,1780164324,967,-24.8532,17379,7.2832,3,0.0874,3,0.4379,979,-25.3099,976,-18.0356,979,54.6798,976,2.5436,,36.4532,0,0.0000,0,0.0000,0,0.0000,0,0.0000,0,0.0000,0,0.0000,0,0.0000,0.000000,0.000000,0.00,0.00
2026-05-30T15:05:24-0300,1780164324,967,-25.0332,985,-18.8828,3,0.0182,3,0.0887,979,-25.3099,977,-23.1318,1,10.8475,5151,10.0343,,7.2316,0,0.0000,0,0.0000,0,0.0000,0,0.0000,0,0.0000,0,0.0000,0,0.0000,0.000000,0.000000,0.00,0.00
2026-05-30T15:05:24-0300,1780164324,968,-25.0675,986,-24.1143,3,0.0044,3,0.0189,978,-25.3115,976,-24.1527,0,2.0255,5150,11.5305,,1.3504,0,0.0000,0,0.0000,0,0.0000,0,0.0000,0,0.0000,0,0.0000,0,0.0000,0.000000,0.000000,0.00,0.00
2026-05-30T15:05:24-0300,1780164324,967,-25.0761,986,-25.1606,4,0.0035,3,0.0049,979,-25.3102,976,-24.3569,1,0.3166,5150,11.8298,,0.2111,0,0.0000,0,0.0000,0,0.0000,0,0.0000,0,0.0000,0,0.0000,0,0.0000,0.000000,0.000000,0.00,0.00
2026-05-30T15:05:24-0300,1780164324,967,-25.0778,986,-25.3699,3,0.0014,3,0.0021,978,-25.3116,977,-24.3961,1,-0.0252,5150,11.8896,,0.0000,0,0.0000,0,0.0000,0,0.0000,0,0.0000,0,0.0000,0,0.0000,0,0.0000,0.000000,0.000000,0.00,0.00
2026-05-30T15:05:25-0300,1780164325,967,-25.0781,986,-25.4118,3,0.0010,3,0.0015,979,-25.3102,977,-24.4039,1,-0.0935,5151,11.9035,,0.0000,0,0.0000,0,0.0000,0,0.0000,0,0.0000,0,0.0000,0,0.0000,0,0.0000,0.000000,0.000000,0.00,0.00
2026-05-30T15:05:25-0300,1780164325,968,-25.0765,986,-25.4201,4,0.0028,3,0.0014,979,-25.3099,977,-24.4055,1,-0.1072,5150,11.9044,,0.0000,0,0.0000,0,0.0000,0,0.0000,0,0.0000,0,0.0000,0,0.0000,0,0.0000,0.000000,0.000000,0.00,0.00
2026-05-30T15:05:25-0300,1780164325,986,-25.0466,3,-27.0561,2,-0.0005,3,0.0014,25571,15.2016,977,-24.4058,1,-0.1099,5150,11.9045,,0.0000,0,0.0000,0,0.0000,0,0.0000,0,0.0000,0,0.0000,0,0.0000,0,0.0000,0.000000,0.000000,0.00,0.00
2026-05-30T15:05:25-0300,1780164325,967,-25.0719,986,-25.7490,3,0.0006,3,0.0014,976,-17.2125,1,-25.9857,1,-0.1105,5150,11.9046,,0.0000,0,0.0000,0,0.0000,0,0.0000,0,0.0000,0,0.0000,0,0.0000,0,0.0000,0.000000,0.000000,0.00,0.00
2026-05-30T15:05:25-0300,1780164325,967,-25.0769,986,-25.4876,4,0.0027,3,0.0014,979,-23.6904,977,-24.7219,0,-0.1661,5150,11.9046,,0.0000,0,0.0000,0,0.0000,0,0.0000,0,0.0000,0,0.0000,0,0.0000,0,0.0000,0.000000,0.000000,0.00,0.00
2026-05-30T15:05:25-0300,1780164325,967,-25.0779,986,-25.4353,3,0.0013,3,0.0014,979,-24.9860,977,-24.4691,0,-0.1772,5150,11.9046,,0.0000,0,0.0000,0,0.0000,0,0.0000,0,0.0000,0,0.0000,0,0.0000,0,0.0000,0.000000,0.000000,0.00,0.00
2026-05-30T15:05:25-0300,1780164325,967,-25.0781,986,-25.4248,3,0.0010,3,0.0014,979,-25.2451,977,-24.4185,0,-0.1794,5150,11.9046,,0.0000,0,0.0000,0,0.0000,0,0.0000,0,0.0000,0,0.0000,0,0.0000,0,0.0000,0.000000,0.000000,0.00,0.00
2026-05-30T15:05:25-0300,1780164325,968,-25.0765,986,-25.4227,4,0.0028,3,0.0014,979,-25.2969,977,-24.4084,1,-0.1244,5151,11.9064,,0.0000,0,0.0000,0,0.0000,0,0.0000,0,0.0000,0,0.0000,0,0.0000,0,0.0000,0.000000,0.000000,0.00,0.00
2026-05-30T15:05:25-0300,1780164325,967,-25.0779,987,-25.4207,4,0.0032,3,0.0014,979,-25.3073,977,-24.4064,1,-0.1134,5150,11.9050,,0.0000,0,0.0000,0,0.0000,0,0.0000,0,0.0000,0,0.0000,0,0.0000,0,0.0000,0.000000,0.000000,0.00,0.00
2026-05-30T15:05:25-0300,1780164325,967,-25.0781,986,-25.4219,3,0.0014,3,0.0014,979,-25.3093,1,-25.9859,979,54.1464,5150,11.9047,,36.0976,0,0.0000,0,0.0000,0,0.0000,0,0.0000,0,0.0000,0,0.0000,0,0.0000,0.000000,0.000000,0.00,0.00
2026-05-30T15:05:26-0300,1780164326,968,-25.0765,987,-25.4205,3,0.0010,4,0.0033,979,-25.3097,978,-24.7203,0,10.6853,5150,11.9046,,7.1235,0,0.0000,0,0.0000,0,0.0000,0,0.0000,0,0.0000,0,0.0000,0,0.0000,0.000000,0.000000,0.00,0.00
2026-05-30T15:05:26-0300,1780164326,967,-25.0779,987,-25.4202,3,0.0010,3,0.0018,979,-25.3098,977,-24.4688,1,2.0486,5150,11.9046,,1.3657,0,0.0000,0,0.0000,0,0.0000,0,0.0000,0,0.0000,0,0.0000,0,0.0000,0.000000,0.000000,0.00,0.00
2026-05-30T15:05:26-0300,1780164326,968,-25.0765,987,-25.4202,3,0.0009,3,0.0015,980,-25.3082,978,-24.4169,1,0.3212,5150,11.9046,,0.2142,0,0.0000,0,0.0000,0,0.0000,0,0.0000,0,0.0000,0,0.0000,0,0.0000,0.000000,0.000000,0.00,0.00
2026-05-30T15:05:26-0300,1780164326,967,-25.0778,987,-25.4201,3,0.0009,2,-0.0004,979,-25.3095,978,-24.4065,1,-0.0242,5150,11.9046,,0.0000,0,0.0000,0,0.0000,0,0.0000,0,0.0000,0,0.0000,0,0.0000,0,0.0000,0.000000,0.000000,0.00,0.00
2026-05-30T15:05:26-0300,1780164326,967,-25.0781,987,-25.4201,3,0.0009,3,0.0010,979,-25.3098,978,-24.4044,0,-0.1488,5151,11.9064,,0.0000,0,0.0000,0,0.0000,0,0.0000,0,0.0000,0,0.0000,0,0.0000,0,0.0000,0.000000,0.000000,0.00,0.00
2026-05-30T15:05:26-0300,1780164326,967,-25.0782,988,-25.4185,3,0.0009,3,0.0013,979,-25.3098,977,-24.4056,0,-0.1737,5150,11.9050,,0.0000,0,0.0000,0,0.0000,0,0.0000,0,0.0000,0,0.0000,0,0.0000,0,0.0000,0.000000,0.000000,0.00,0.00
2026-05-30T15:05:26-0300,1780164326,967,-25.0782,987,-25.4198,3,0.0009,3,0.0014,980,-25.3082,977,-24.4059,0,-0.1787,5150,11.9047,,0.0000,0,0.0000,0,0.0000,0,0.0000,0,0.0000,0,0.0000,0,0.0000,0,0.0000,0.000000,0.000000,0.00,0.00
2026-05-30T15:05:26-0300,1780164326,968,-25.0765,987,-25.4201,3,0.0009,3,0.0014,979,-25.3095,978,-24.4043,0,-0.1797,5150,11.9046,,0.0000,0,0.0000,0,0.0000,0,0.0000,0,0.0000,0,0.0000,0,0.0000,0,0.0000,0.000000,0.000000,0.00,0.00
2026-05-30T15:05:26-0300,1780164326,968,-25.0762,987,-25.4201,3,0.0009,3,0.0014,980,-25.3081,977,-24.4056,1,-0.1244,5149,11.9027,,0.0000,0,0.0000,0,0.0000,0,0.0000,0,0.0000,0,0.0000,0,0.0000,0,0.0000,0.000000,0.000000,0.00,0.00
2026-05-30T15:05:26-0300,1780164326,968,-25.0761,987,-25.4201,3,0.0009,3,0.0014,979,-25.3095,978,-24.4042,1,-0.1134,5150,11.9042,,0.0000,0,0.0000,0,0.0000,0,0.0000,0,0.0000,0,0.0000,0,0.0000,0,0.0000,0.000000,0.000000,0.00,0.00
2026-05-30T15:05:26-0300,1780164326,968,-25.0761,988,-25.4185,3,0.0009,3,0.0014,979,-25.3098,978,-24.4040,1,-0.1112,5150,11.9045,,0.0000,0,0.0000,0,0.0000,0,0.0000,0,0.0000,0,0.0000,0,0.0000,0,0.0000,0.000000,0.000000,0.00,0.00
2026-05-30T15:05:26-0300,1780164326,967,-25.0778,987,-25.4198,3,0.0009,3,0.0014,979,-25.3098,978,-24.4039,1,-0.1107,5150,11.9046,,0.0000,0,0.0000,0,0.0000,0,0.0000,0,0.0000,0,0.0000,0,0.0000,0,0.0000,0.000000,0.000000,0.00,0.00
2026-05-30T15:05:26-0300,1780164326,968,-25.0765,987,-25.4201,3,0.0009,3,0.0014,980,-25.3082,977,-24.4055,0,-0.1661,5150,11.9046,,0.0000,0,0.0000,0,0.0000,0,0.0000,0,0.0000,0,0.0000,0,0.0000,0,0.0000,0.000000,0.000000,0.00,0.00
2026-05-30T15:05:26-0300,1780164326,967,-25.0778,987,-25.4201,3,0.0009,3,0.0014,980,-25.3079,978,-24.4042,1,-0.1217,5150,11.9046,,0.0000,0,0.0000,0,0.0000,0,0.0000,0,0.0000,0,0.0000,0,0.0000,0,0.0000,0.000000,0.000000,0.00,0.00
2026-05-30T15:05:27-0300,1780164327,967,-25.0781,988,-25.4185,3,0.0009,3,0.0014,980,-25.3078,978,-24.4040,0,-0.1683,5150,11.9046,,0.0000,0,0.0000,0,0.0000,0,0.0000,0,0.0000,0,0.0000,0,0.0000,0,0.0000,0.000000,0.000000,0.00,0.00
2026-05-30T15:05:27-0300,1780164327,967,-25.0782,987,-25.4198,3,0.0009,4,0.0033,980,-25.3078,978,-24.4039,0,-0.1776,5150,11.9046,,0.0000,0,0.0000,0,0.0000,0,0.0000,0,0.0000,0,0.0000,0,0.0000,0,0.0000,0.000000,0.000000,0.00,0.00
2026-05-30T15:05:27-0300,1780164327,967,-25.0782,988,-25.4184,3,0.0009,3,0.0018,980,-25.3078,977,-24.4055,1,-0.1240,5150,11.9046,,0.0000,0,0.0000,0,0.0000,0,0.0000,0,0.0000,0,0.0000,0,0.0000,0,0.0000,0.000000,0.000000,0.00,0.00
2026-05-30T15:05:27-0300,1780164327,967,-25.0782,988,-25.4181,3,0.0009,3,0.0015,980,-25.3078,977,-24.4058,0,-0.1688,5150,11.9046,,0.0000,0,0.0000,0,0.0000,0,0.0000,0,0.0000,0,0.0000,0,0.0000,0,0.0000,0.000000,0.000000,0.00,0.00
2026-05-30T15:05:27-0300,1780164327,968,-25.0765,988,-25.4181,3,0.0009,2,-0.0004,980,-25.3078,978,-24.4043,0,-0.1777,5151,11.9064,,0.0000,0,0.0000,0,0.0000,0,0.0000,0,0.0000,0,0.0000,0,0.0000,0,0.0000,0.000000,0.000000,0.00,0.00
2026-05-30T15:05:27-0300,1780164327,967,-25.0779,988,-25.4181,4,0.0028,3,0.0010,981,-25.3061,978,-24.4040,0,-0.1795,5150,11.9050,,0.0000,0,0.0000,0,0.0000,0,0.0000,0,0.0000,0,0.0000,0,0.0000,0,0.0000,0.000000,0.000000,0.00,0.00
2026-05-30T15:05:27-0300,1780164327,967,-25.0781,988,-25.4181,3,0.0013,4,0.0032,980,-25.3075,978,-24.4039,0,-0.1799,5151,11.9065,,0.0000,0,0.0000,0,0.0000,0,0.0000,0,0.0000,0,0.0000,0,0.0000,0,0.0000,0.000000,0.000000,0.00,0.00
2026-05-30T15:05:27-0300,1780164327,967,-25.0782,988,-25.4181,3,0.0010,3,0.0018,980,-25.3077,978,-24.4039,1,-0.1245,5151,11.9068,,0.0000,0,0.0000,0,0.0000,0,0.0000,0,0.0000,0,0.0000,0,0.0000,0,0.0000,0.000000,0.000000,0.00,0.00
2026-05-30T15:05:27-0300,1780164327,967,-25.0782,988,-25.4181,3,0.0010,2,-0.0004,980,-25.3078,978,-24.4039,1,-0.1134,5150,11.9050,,0.0000,0,0.0000,0,0.0000,0,0.0000,0,0.0000,0,0.0000,0,0.0000,0,0.0000,0.000000,0.000000,0.00,0.00
2026-05-30T15:05:27-0300,1780164327,967,-25.0782,988,-25.4181,3,0.0009,3,0.0010,980,-25.3078,978,-24.4039,0,-0.1666,5150,11.9047,,0.0000,0,0.0000,0,0.0000,0,0.0000,0,0.0000,0,0.0000,0,0.0000,0,0.0000,0.000000,0.000000,0.00,0.00
2026-05-30T15:05:27-0300,1780164327,967,-25.0782,988,-25.4181,3,0.0009,17379,32.1490,981,-25.3061,978,-24.4039,1,-0.1218,981,4.1915,,0.0000,0,0.0000,0,0.0000,0,0.0000,0,0.0000,0,0.0000,0,0.0000,0,0.0000,0.000000,0.000000,0.00,0.00
2026-05-30T15:05:27-0300,1780164327,967,-25.0782,988,-25.4181,17379,32.1338,2,6.4291,981,-25.3058,977,-24.4055,17379,963.9851,5151,10.3638,,100.0000,0,0.0000,0,0.0000,0,0.0000,0,0.0000,0,0.0000,0,0.0000,0,0.0000,0.000000,0.000000,0.00,0.00
2026-05-30T15:05:28-0300,1780164328,967,-25.0782,988,-25.4181,17379,38.5604,2,1.2851,980,-25.3074,977,-24.4058,17379,1156.8065,5151,11.5983,,100.0000,0,0.0000,0,0.0000,0,0.0000,0,0.0000,0,0.0000,0,0.0000,0,0.0000,0.000000,0.000000,0.00,0.00
2026-05-30T15:05:28-0300,1780164328,967,-25.0782,987,-25.4197,17379,39.8457,2,0.2563,980,-25.3077,977,-24.4059,17379,1195.3708,5150,11.8433,,100.0000,0,0.0000,0,0.0000,0,0.0000,0,0.0000,0,0.0000,0,0.0000,0,0.0000,0.000000,0.000000,0.00,0.00
2026-05-30T15:05:28-0300,1780164328,967,-25.0782,987,-25.4201,3,7.9699,2,0.0505,981,-25.3061,977,-24.4059,1,238.9857,5151,11.8942,,100.0000,0,0.0000,0,0.0000,0,0.0000,0,0.0000,0,0.0000,0,0.0000,0,0.0000,0.000000,0.000000,0.00,0.00
2026-05-30T15:05:28-0300,1780164328,967,-25.0782,987,-25.4201,3,1.5947,3,0.0112,980,-25.3075,978,-24.4043,0,47.6532,5150,11.9025,,31.7688,0,0.0000,0,0.0000,0,0.0000,0,0.0000,0,0.0000,0,0.0000,0,0.0000,0.000000,0.000000,0.00,0.00
2026-05-30T15:05:28-0300,1780164328,967,-25.0782,987,-25.4201,3,0.3197,2,0.0015,980,-25.3077,977,-24.4056,1,9.4421,5150,11.9042,,6.2948,0,0.0000,0,0.0000,0,0.0000,0,0.0000,0,0.0000,0,0.0000,0,0.0000,0.000000,0.000000,0.00,0.00
2026-05-30T15:05:28-0300,1780164328,967,-25.0782,987,-25.4201,3,0.0647,3,0.0014,980,-25.3078,977,-24.4058,1,1.7999,5151,11.9064,,1.2000,0,0.0000,0,0.0000,0,0.0000,0,0.0000,0,0.0000,0,0.0000,0,0.0000,0.000000,0.000000,0.00,0.00
2026-05-30T15:05:28-0300,1780164328,967,-25.0782,988,-25.4185,3,0.0137,4,0.0033,981,-25.3061,977,-24.4059,1,0.2715,5150,11.9049,,0.1810,0,0.0000,0,0.0000,0,0.0000,0,0.0000,0,0.0000,0,0.0000,0,0.0000,0.000000,0.000000,0.00,0.00
2026-05-30T15:05:28-0300,1780164328,967,-25.0782,987,-25.4198,2,0.0016,988,1.8241,981,-25.3058,978,-24.4043,980,54.2788,5150,11.9047,,36.1859,0,0.0000,0,0.0000,0,0.0000,0,0.0000,0,0.0000,0,0.0000,0,0.0000,0.000000,0.000000,0.00,0.00
2026-05-30T15:05:28-0300,1780164328,967,-25.0782,17379,1.8327,3,0.0011,2,0.3641,981,-25.3057,977,-24.4056,0,10.7118,978,4.1859,,7.1412,0,0.0000,0,0.0000,0,0.0000,0,0.0000,0,0.0000,0,0.0000,0,0.0000,0.000000,0.000000,0.00,0.00
2026-05-30T15:05:28-0300,1780164328,967,-25.0782,987,-19.9696,967,1.7837,987,1.8945,981,-25.3057,978,-24.4042,980,56.3669,5151,10.3627,,37.5779,0,0.0000,0,0.0000,0,0.0000,0,0.0000,0,0.0000,0,0.0000,0,0.0000,0.000000,0.000000,0.00,0.00
2026-05-30T15:05:28-0300,1780164328,967,-25.0782,987,-24.3300,3,0.3575,4,0.3819,980,-25.3074,978,-24.4040,1,11.1849,5150,11.5962,,7.4566,0,0.0000,0,0.0000,0,0.0000,0,0.0000,0,0.0000,0,0.0000,0,0.0000,0.000000,0.000000,0.00,0.00
2026-05-30T15:05:28-0300,1780164328,967,-25.0782,987,-25.2021,3,0.0722,3,0.0775,978,-25.3110,1,-25.9854,1,2.1485,5151,11.8448,,1.4323,0,0.0000,0,0.0000,0,0.0000,0,0.0000,0,0.0000,0,0.0000,0,0.0000,0.000000,0.000000,0.00,0.00
2026-05-30T15:05:29-0300,1780164329,986,-25.0469,986,-25.3782,3,0.0152,3,0.0166,978,-25.3117,977,-24.7218,1,0.3412,5150,11.8926,,0.2275,0,0.0000,0,0.0000,0,0.0000,0,0.0000,0,0.0000,0,0.0000,0,0.0000,0.000000,0.000000,0.00,0.00
2026-05-30T15:05:29-0300,1780164329,21475,8.7208,987,-25.4117,3,0.0038,3,0.0044,980,-25.3086,980,-24.4642,1,-0.0202,5150,11.9022,,0.0000,0,0.0000,0,0.0000,0,0.0000,0,0.0000,0,0.0000,0,0.0000,0,0.0000,0.000000,0.000000,0.00,0.00
2026-05-30T15:05:29-0300,1780164329,967,-18.3184,987,-25.4185,3,0.0015,3,0.0020,980,-25.3079,979,-24.4143,978,54.1095,5150,11.9041,,36.0730,0,0.0000,0,0.0000,0,0.0000,0,0.0000,0,0.0000,0,0.0000,0,0.0000,0.000000,0.000000,0.00,0.00
2026-05-30T15:05:29-0300,1780164329,17379,3.3171,987,-25.4198,3,0.0011,3,0.0015,980,-25.3078,978,-24.4060,1,10.7334,1,2.3782,,7.1556,0,0.0000,0,0.0000,0,0.0000,0,0.0000,0,0.0000,0,0.0000,0,0.0000,0.000000,0.000000,0.00,0.00
2026-05-30T15:05:29-0300,1780164329,968,-19.3975,966,-25.4550,3,0.0010,3,0.0014,980,-25.3078,980,-24.4011,978,56.2603,5150,9.9993,,37.5069,0,0.0000,0,0.0000,0,0.0000,0,0.0000,0,0.0000,0,0.0000,0,0.0000,0.000000,0.000000,0.00,0.00
2026-05-30T15:05:29-0300,1780164329,967,-23.9420,987,-25.4271,3,0.0009,3,0.0014,980,-25.3078,977,-24.4049,1,11.1636,5150,11.5235,,7.4424,0,0.0000,0,0.0000,0,0.0000,0,0.0000,0,0.0000,0,0.0000,0,0.0000,0.000000,0.000000,0.00,0.00
2026-05-30T15:05:29-0300,1780164329,967,-24.8510,987,-25.4215,3,0.0009,3,0.0014,980,-25.3078,978,-24.4041,978,56.3463,5151,11.8302,,37.5642,0,0.0000,0,0.0000,0,0.0000,0,0.0000,0,0.0000,0,0.0000,0,0.0000,0.000000,0.000000,0.00,0.00
2026-05-30T15:05:29-0300,1780164329,968,-25.0311,967,-25.4537,3,0.0009,3,0.0014,980,-25.3078,977,-24.4055,977,65.3274,1,2.3635,,43.5516,0,0.0000,0,0.0000,0,0.0000,0,0.0000,0,0.0000,0,0.0000,0,0.0000,0.000000,0.000000,0.00,0.00
2026-05-30T15:05:29-0300,1780164329,967,-25.0688,967,-25.4601,987,1.8206,3,0.0014,980,-25.3078,979,-24.4026,0,12.9215,5150,9.9964,,8.6143,0,0.0000,0,0.0000,0,0.0000,0,0.0000,0,0.0000,0,0.0000,0,0.0000,0.000000,0.000000,0.00,0.00
2026-05-30T15:05:29-0300,1780164329,967,-25.0763,967,-25.4614,987,2.1846,3,0.0014,980,-25.3078,979,-24.4020,0,2.4403,5150,11.5229,,1.6269,0,0.0000,0,0.0000,0,0.0000,0,0.0000,0,0.0000,0,0.0000,0,0.0000,0.000000,0.000000,0.00,0.00
2026-05-30T15:05:29-0300,1780164329,967,-25.0778,987,-25.4284,3,0.4377,2,-0.0004,980,-25.3078,978,-24.4035,1,0.3996,5150,11.8283,,0.2664,0,0.0000,0,0.0000,0,0.0000,0,0.0000,0,0.0000,0,0.0000,0,0.0000,0.000000,0.000000,0.00,0.00
2026-05-30T15:05:29-0300,1780164329,968,-25.0765,967,-25.4550,3,0.0883,3,0.0010,979,-25.3094,978,-24.4038,977,54.1380,5151,11.8912,,36.0920,0,0.0000,0,0.0000,0,0.0000,0,0.0000,0,0.0000,0,0.0000,0,0.0000,0.000000,0.000000,0.00,0.00
2026-05-30T15:05:29-0300,1780164329,967,-25.0778,987,-25.4271,3,0.0184,3,0.0013,980,-25.3081,978,-24.4039,977,64.8857,1,2.3757,,43.2571,0,0.0000,0,0.0000,0,0.0000,0,0.0000,0,0.0000,0,0.0000,0,0.0000,0.000000,0.000000,0.00,0.00
2026-05-30T15:05:30-0300,1780164330,967,-25.0781,988,-25.4199,4,0.0063,2,-0.0005,980,-25.3079,977,-24.4055,1,12.8887,5150,9.9988,,8.5924,0,0.0000,0,0.0000,0,0.0000,0,0.0000,0,0.0000,0,0.0000,0,0.0000,0.000000,0.000000,0.00,0.00
2026-05-30T15:05:30-0300,1780164330,968,-25.0765,988,-25.4184,988,1.8235,3,0.0010,980,-25.3078,980,-24.4010,0,2.4338,5151,11.5253,,1.6225,0,0.0000,0,0.0000,0,0.0000,0,0.0000,0,0.0000,0,0.0000,0,0.0000,0.000000,0.000000,0.00,0.00
2026-05-30T15:05:30-0300,1780164330,967,-25.0779,988,-25.4181,3,0.3655,3,0.0013,980,-25.3078,980,-24.4001,977,54.5449,1,2.3025,,36.3632,0,0.0000,0,0.0000,0,0.0000,0,0.0000,0,0.0000,0,0.0000,0,0.0000,0.000000,0.000000,0.00,0.00
2026-05-30T15:05:30-0300,1780164330,968,-25.0765,988,-25.4181,987,1.8935,3,0.0014,979,-25.3094,977,-24.4047,1,10.8205,1,0.4579,,7.2137,0,0.0000,0,0.0000,0,0.0000,0,0.0000,0,0.0000,0,0.0000,0,0.0000,0.000000,0.000000,0.00,0.00
2026-05-30T15:05:30-0300,1780164330,967,-25.0778,967,-25.4530,987,2.1991,2,-0.0004,980,-25.3081,980,-24.4008,977,56.2222,1,0.0890,,37.4815,0,0.0000,0,0.0000,0,0.0000,0,0.0000,0,0.0000,0,0.0000,0,0.0000,0.000000,0.000000,0.00,0.00
2026-05-30T15:05:30-0300,1780164330,17379,1.9653,967,-25.4600,3,0.4406,3,0.0010,979,-25.3095,979,-24.4017,977,65.3026,0,0.0134,,43.5350,0,0.0000,0,0.0000,0,0.0000,0,0.0000,0,0.0000,0,0.0000,0,0.0000,0.000000,0.000000,0.00,0.00
2026-05-30T15:05:30-0300,1780164330,17379,7.3739,988,-25.4264,987,1.9085,2,-0.0005,17379,1.7067,977,-24.4051,977,67.1186,5150,9.5263,,44.7457,0,0.0000,0,0.0000,0,0.0000,0,0.0000,0,0.0000,0,0.0000,0,0.0000,0.000000,0.000000,0.00,0.00
2026-05-30T15:05:30-0300,1780164330,17379,8.4556,988,-25.4197,987,2.2021,3,0.0010,17379,7.1099,977,-24.4057,976,67.4264,5150,11.4289,,44.9509,0,0.0000,0,0.0000,0,0.0000,0,0.0000,0,0.0000,0,0.0000,0,0.0000,0.000000,0.000000,0.00,0.00
2026-05-30T15:05:30-0300,1780164330,968,-18.3698,967,-25.4533,986,2.2590,3,0.0013,17379,8.1905,977,-24.4059,1,13.3968,5150,11.8095,,8.9312,0,0.0000,0,0.0000,0,0.0000,0,0.0000,0,0.0000,0,0.0000,0,0.0000,0.000000,0.000000,0.00,0.00
2026-05-30T15:05:30-0300,1780164330,17379,3.3069,988,-25.4251,3,0.4526,3,0.0014,17379,8.4067,977,-24.4059,1,2.5909,5150,11.8856,,1.7272,0,0.0000,0,0.0000,0,0.0000,0,0.0000,0,0.0000,0,0.0000,0,0.0000,0.000000,0.000000,0.00,0.00
2026-05-30T15:05:30-0300,1780164330,17379,7.6422,987,-25.4211,987,1.9109,2,-0.0004,17379,8.4499,977,-24.4059,977,54.5763,5151,11.9026,,36.3842,0,0.0000,0,0.0000,0,0.0000,0,0.0000,0,0.0000,0,0.0000,0,0.0000,0.000000,0.000000,0.00,0.00
2026-05-30T15:05:30-0300,1780164330,17379,8.5093,987,-25.4203,987,2.2026,3,0.0010,979,-18.5579,977,-24.4059,976,64.9179,1,2.3780,,43.2786,0,0.0000,0,0.0000,0,0.0000,0,0.0000,0,0.0000,0,0.0000,0,0.0000,0.000000,0.000000,0.00,0.00
2026-05-30T15:05:31-0300,1780164331,968,-18.3591,967,-25.4534,2,0.4394,2,-0.0005,17379,3.0570,977,-24.4059,976,66.9862,1,0.4730,,44.6575,0,0.0000,0,0.0000,0,0.0000,0,0.0000,0,0.0000,0,0.0000,0,0.0000,0.000000,0.000000,0.00,0.00
2026-05-30T15:05:31-0300,1780164331,968,-23.7327,967,-25.4600,987,1.9083,3,0.0010,17379,7.3800,977,-24.4059,976,67.3999,1,0.0920,,44.9333,0,0.0000,0,0.0000,0,0.0000,0,0.0000,0,0.0000,0,0.0000,0,0.0000,0.000000,0.000000,0.00,0.00
2026-05-30T15:05:31-0300,1780164331,967,-24.8091,967,-25.4614,987,2.2021,2,-0.0005,979,-18.7719,979,-24.4027,1,13.3915,5150,9.5421,,8.9277,0,0.0000,0,0.0000,0,0.0000,0,0.0000,0,0.0000,0,0.0000,0,0.0000,0.000000,0.000000,0.00,0.00
2026-05-30T15:05:31-0300,1780164331,968,-25.0227,967,-25.4616,987,2.2608,2,-0.0008,979,-24.0023,977,-24.4053,976,56.6809,5150,11.4321,,37.7873,0,0.0000,0,0.0000,0,0.0000,0,0.0000,0,0.0000,0,0.0000,0,0.0000,0.000000,0.000000,0.00,0.00
2026-05-30T15:05:31-0300,1780164331,967,-25.0671,987,-25.4284,986,2.2708,3,0.0010,980,-25.0467,976,-24.4074,976,65.3388,1,2.2838,,43.5592,0,0.0000,0,0.0000,0,0.0000,0,0.0000,0,0.0000,0,0.0000,0,0.0000,0.000000,0.000000,0.00,0.00
2026-05-30T15:05:31-0300,1780164331,17379,1.9674,987,-25.4218,987,2.2746,3,0.0013,980,-25.2556,976,-24.4078,1,12.9793,1,0.4542,,8.6529,0,0.0000,0,0.0000,0,0.0000,0,0.0000,0,0.0000,0,0.0000,0,0.0000,0.000000,0.000000,0.00,0.00
2026-05-30T15:05:31-0300,1780164331,17379,7.3743,987,-25.4205,986,2.2735,3,0.0014,17379,1.7175,977,-24.4063,976,56.5985,1,0.0883,,37.7323,0,0.0000,0,0.0000,0,0.0000,0,0.0000,0,0.0000,0,0.0000,0,0.0000,0.000000,0.000000,0.00,0.00
2026-05-30T15:05:31-0300,1780164331,967,-18.5877,967,-25.4535,987,2.2751,2,-0.0004,17379,7.1121,976,-24.4076,1,11.2312,1,0.0151,,7.4875,0,0.0000,0,0.0000,0,0.0000,0,0.0000,0,0.0000,0,0.0000,0,0.0000,0.000000,0.000000,0.00,0.00
2026-05-30T15:05:31-0300,1780164331,17379,3.2633,987,-25.4268,987,2.2755,3,0.0010,980,-18.8238,980,-24.4014,976,56.2489,1,0.0004,,37.4993,0,0.0000,0,0.0000,0,0.0000,0,0.0000,0,0.0000,0,0.0000,0,0.0000,0.000000,0.000000,0.00,0.00
2026-05-30T15:05:31-0300,1780164331,17379,7.6335,987,-25.4215,986,2.2737,3,0.0013,979,-24.0126,980,-24.4002,977,65.3079,1,-0.0025,,43.5386,0,0.0000,0,0.0000,0,0.0000,0,0.0000,0,0.0000,0,0.0000,0,0.0000,0.000000,0.000000,0.00,0.00
2026-05-30T15:05:31-0300,1780164331,968,-18.5342,987,-25.4204,3,0.4555,3,0.0014,980,-25.0488,976,-24.4064,1,12.9731,5150,9.5232,,8.6487,0,0.0000,0,0.0000,0,0.0000,0,0.0000,0,0.0000,0,0.0000,0,0.0000,0.000000,0.000000,0.00,0.00
2026-05-30T15:05:31-0300,1780164331,21475,10.0233,987,-25.4202,3,0.0918,3,0.0014,979,-25.2576,976,-24.4076,1,2.5061,5150,11.4283,,1.6708,0,0.0000,0,0.0000,0,0.0000,0,0.0000,0,0.0000,0,0.0000,0,0.0000,0.000000,0.000000,0.00,0.00
2026-05-30T15:05:31-0300,1780164331,967,-18.0579,986,-25.4218,3,0.0191,3,0.0014,979,-25.2994,977,-24.4063,0,0.3573,5151,11.8112,,0.2382,0,0.0000,0,0.0000,0,0.0000,0,0.0000,0,0.0000,0,0.0000,0,0.0000,0.000000,0.000000,0.00,0.00
2026-05-30T15:05:32-0300,1780164332,968,-23.6725,986,-25.4221,3,0.0046,3,0.0014,979,-25.3078,976,-24.4076,1,-0.0170,5150,11.8859,,0.0000,0,0.0000,0,0.0000,0,0.0000,0,0.0000,0,0.0000,0,0.0000,0,0.0000,0.000000,0.000000,0.00,0.00
2026-05-30T15:05:32-0300,1780164332,967,-24.7970,987,-25.4205,4,0.0035,3,0.0014,980,-25.3078,976,-24.4079,1,-0.0919,5150,11.9009,,0.0000,0,0.0000,0,0.0000,0,0.0000,0,0.0000,0,0.0000,0,0.0000,0,0.0000,0.000000,0.000000,0.00,0.00
2026-05-30T15:05:32-0300,1780164332,967,-25.0220,987,-25.4202,3,0.0015,3,0.0014,979,-25.3094,977,-24.4063,1,-0.1069,5151,11.9057,,0.0000,0,0.0000,0,0.0000,0,0.0000,0,0.0000,0,0.0000,0,0.0000,0,0.0000,0.000000,0.000000,0.00,0.00
2026-05-30T15:05:32-0300,1780164332,968,-25.0653,987,-25.4202,3,0.0010,2,-0.0004,979,-25.3098,977,-24.4060,0,-0.1653,5150,11.9048,,0.0000,0,0.0000,0,0.0000,0,0.0000,0,0.0000,0,0.0000,0,0.0000,0,0.0000,0.000000,0.000000,0.00,0.00
2026-05-30T15:05:32-0300,1780164332,968,-25.0740,987,-25.4201,3,0.0010,3,0.0010,980,-25.3082,977,-24.4059,1,-0.1216,5150,11.9046,,0.0000,0,0.0000,0,0.0000,0,0.0000,0,0.0000,0,0.0000,0,0.0000,0,0.0000,0.000000,0.000000,0.00,0.00
2026-05-30T15:05:32-0300,1780164332,968,-25.0757,987,-25.4201,4,0.0028,3,0.0013,980,-25.3079,977,-24.4059,0,-0.1683,5150,11.9046,,0.0000,0,0.0000,0,0.0000,0,0.0000,0,0.0000,0,0.0000,0,0.0000,0,0.0000,0.000000,0.000000,0.00,0.00
2026-05-30T15:05:32-0300,1780164332,967,-25.0777,3,-27.0561,3,0.0013,3,0.0014,980,-25.3078,977,-24.4059,0,-0.1776,5150,11.9046,,0.0000,0,0.0000,0,0.0000,0,0.0000,0,0.0000,0,0.0000,0,0.0000,0,0.0000,0.000000,0.000000,0.00,0.00
2026-05-30T15:05:32-0300,1780164332,3,-26.6666,987,-25.7473,3,0.0010,3,0.0014,977,-25.3127,1,-25.9858,1,-0.1240,5150,11.9046,,0.0000,0,0.0000,0,0.0000,0,0.0000,0,0.0000,0,0.0000,0,0.0000,0,0.0000,0.000000,0.000000,0.00,0.00
2026-05-30T15:05:32-0300,1780164332,967,-25.3959,3,-27.1215,2,-0.0009,3,0.0014,979,-25.3104,977,-24.7219,5150,285.5433,5150,11.9046,,100.0000,0,0.0000,0,0.0000,0,0.0000,0,0.0000,0,0.0000,0,0.0000,0,0.0000,0.000000,0.000000,0.00,0.00
2026-05-30T15:05:32-0300,1780164332,987,-25.1088,987,-25.7604,3,0.0006,3,0.0014,976,-25.3149,976,-24.4707,5150,342.6768,5150,11.9046,,100.0000,0,0.0000,0,0.0000,0,0.0000,0,0.0000,0,0.0000,0,0.0000,0,0.0000,0.000000,0.000000,0.00,0.00
2026-05-30T15:05:32-0300,1780164332,2,-26.6744,3,-27.1242,2,-0.0010,3,0.0014,979,-25.3109,976,-24.4205,5150,354.1035,5150,11.9046,,100.0000,0,0.0000,0,0.0000,0,0.0000,0,0.0000,0,0.0000,0,0.0000,0,0.0000,0.000000,0.000000,0.00,0.00
2026-05-30T15:05:32-0300,1780164332,986,-25.3661,987,-25.7609,2,-0.0013,3,0.0014,976,-25.3150,975,-24.4121,5150,356.3888,5150,11.9046,,100.0000,0,0.0000,0,0.0000,0,0.0000,0,0.0000,0,0.0000,0,0.0000,0,0.0000,0.000000,0.000000,0.00,0.00
2026-05-30T15:05:32-0300,1780164332,986,-25.1045,986,-25.4900,2,-0.0014,3,0.0014,975,-25.3175,5151,-17.6507,5150,356.8459,5150,11.9046,,100.0000,0,0.0000,0,0.0000,0,0.0000,0,0.0000,0,0.0000,0,0.0000,0,0.0000,0.000000,0.000000,0.00,0.00
2026-05-30T15:05:33-0300,1780164333,2,-26.6736,2,-27.0717,3,0.0005,2,-0.0004,975,-25.3180,1,-24.6347,1,71.2807,5151,11.9064,,47.5205,0,0.0000,0,0.0000,0,0.0000,0,0.0000,0,0.0000,0,0.0000,0,0.0000,0.000000,0.000000,0.00,0.00
2026-05-30T15:05:33-0300,1780164333,2,-26.9874,986,-25.7521,3,0.0008,3,0.0010,976,-25.3164,5151,-17.6953,1,14.1676,5150,11.9050,,9.4451,0,0.0000,0,0.0000,0,0.0000,0,0.0000,0,0.0000,0,0.0000,0,0.0000,0.000000,0.000000,0.00,0.00
2026-05-30T15:05:33-0300,1780164333,967,-25.4600,985,-25.4899,3,0.0009,4,0.0032,979,-25.3112,976,-23.0654,5150,288.4017,5151,11.9065,,100.0000,0,0.0000,0,0.0000,0,0.0000,0,0.0000,0,0.0000,0,0.0000,0,0.0000,0.000000,0.000000,0.00,0.00
2026-05-30T15:05:33-0300,1780164333,2,-26.7447,3,-27.0700,3,0.0009,3,0.0018,978,-25.3118,1,-25.7176,1,57.5918,5150,11.9050,,38.3946,0,0.0000,0,0.0000,0,0.0000,0,0.0000,0,0.0000,0,0.0000,0,0.0000,0.000000,0.000000,0.00,0.00
2026-05-30T15:05:33-0300,1780164333,967,-25.4115,985,-25.7534,3,0.0009,3,0.0015,976,-25.3152,5150,-17.9135,1,11.4299,5151,11.9065,,7.6199,0,0.0000,0,0.0000,0,0.0000,0,0.0000,0,0.0000,0,0.0000,0,0.0000,0.000000,0.000000,0.00,0.00
2026-05-30T15:05:33-0300,1780164333,985,-25.1152,985,-25.4901,2,-0.0009,3,0.0014,976,-25.3159,975,-23.1107,5150,287.8541,5150,11.9050,,100.0000,0,0.0000,0,0.0000,0,0.0000,0,0.0000,0,0.0000,0,0.0000,0,0.0000,0.000000,0.000000,0.00,0.00
2026-05-30T15:05:33-0300,1780164333,967,-25.0856,985,-25.4375,2,-0.0013,3,0.0014,1,-26.9222,975,-24.1501,1,57.4823,5150,11.9047,,38.3216,0,0.0000,0,0.0000,0,0.0000,0,0.0000,0,0.0000,0,0.0000,0,0.0000,0.000000,0.000000,0.00,0.00
